SCRRTST_SUBJ_CODE,SCRRTST_CRSE_NUMB,SCRRTST_TERM_CODE_EFF,SCRRTST_SEQNO,SCRRTST_TESC_CODE,SCRRTST_TEST_SCORE,SCRRTST_SUBJ_CODE_PREQ,SCRRTST_CRSE_NUMB_PREQ,SCRRTST_LEVL_CODE,SCRRTST_MIN_GRDE,SCRRTST_CONCURRENCY_IND,SCRRTST_CONNECTOR,SCRRTST_LPAREN,SCRRTST_RPAREN,SCRRTST_ACTIVITY_DATE
AB,120,200610,2,,,AB,110,UG,D,,,,,16-Jun-05
AB,120,200910,,,,,,,,,,,,25-Jun-08
AB,130,200610,2,,,AB,120,UG,D,,,,,16-Jun-05
AB,130,200610,,,,,,,,,,,,25-Jun-08
AB,130,200910,,,,,,,,,,,,25-Jun-08
AB,205,201210,2,,,AB,110,UG,D,,,,,07-Mar-11
AB,210,000000,2,,,AB,110,UG,D,,,,,09-Dec-04
AB,220,000000,2,,,AB,110,UG,D,,,,,09-Dec-04
AB,230,000000,2,,,AB,110,UG,D,,,,,09-Dec-04
AB,251,200010,1,,,AB,211,UG,D,,,,,27-Oct-99
AB,264,000000,2,,,CHEM,111,UG,D,,,,,30-Dec-04
AB,264,000000,4,,,CHEM,201,UG,D,,O,,,30-Dec-04
AB,264,000000,6,,,CHEM,105,UG,D,,O,,,10-Mar-09
AB,264,000000,8,,,CHEM,112,UG,D,,O,,,10-Mar-09
AB,264,201410,2,,,CHEM,113,UG,D,,,(,,02-Jan-14
AB,264,201410,4,,,CHEM,113L,UG,D,,A,,),02-Jan-14
AB,264,201410,6,,,CHEM,112,UG,D,,O,(,,02-Jan-14
AB,264,201410,8,,,CHEM,114,UG,D,,A,,),02-Jan-14
AB,301,200010,1,,,AB,251,UG,D,,,,,05-Nov-99
AB,301,200610,,,,,,,,,,,,03-Sep-07
AB,310,000000,2,,,AB,130,UG,D,,,,,09-Dec-04
AB,320,000000,2,,,AB,130,UG,D,,,,,10-Dec-04
AB,320,200610,2,,,AB,130,UG,D,,,,,16-Jun-05
AB,330,000000,2,,,AB,130,UG,D,,,,,09-Dec-04
AB,340,200410,2,,,AB,120,UG,D,,,,,30-Dec-04
AB,399,201230,2,,,RH,330,UG,D,,,,,20-Mar-12
AB,399,201230,4,,,MA,223,UG,D,,A,,,20-Mar-12
AB,401,200010,1,,,AB,211,UG,D,,,,,17-May-99
AB,401,200410,1,,,,,,,,,,,16-Jun-05
AB,410,000000,2,,,AB,110,UG,D,,,,,09-Dec-04
AB,411,200010,1,,,AB,210,UG,D,,,,,10-Dec-04
AB,411,201210,1,,,AB,210,UG,D,,,,,28-Mar-11
AB,411,201210,3,,,AB,205,UG,D,,O,,,28-Mar-11
AB,421,200010,1,,,AB,110,UG,D,,,,,10-Dec-04
AB,431,200510,2,,,AB,210,UG,D,,,,,10-Nov-05
AB,431,201210,2,,,AB,210,UG,D,,,,,10-May-11
AB,431,201210,4,,,AB,205,UG,D,,O,,,10-May-11
AB,441,200810,2,,,AB,110,UG,D,,,,,17-Sep-07
AB,451,200810,2,,,AB,210,UG,D,,,,,17-Sep-07
AB,451,201210,2,,,AB,210,UG,D,,,,,10-May-11
AB,451,201210,4,,,AB,205,UG,D,,O,,,10-May-11
AB,461,200910,2,,,AB,130,UG,D,,,,,25-Jun-08
AB,461,200910,4,,,AB,210,UG,D,,A,,,25-Jun-08
AB,461,201210,2,,,AB,130,UG,D,,,,,10-May-11
AB,461,201210,4,,,AB,210,UG,D,,A,(,,10-May-11
AB,461,201210,6,,,AB,205,UG,D,,O,,),10-May-11
AB,471,201210,2,,,AB,205,UG,D,,,,,10-May-11
AB,471,201210,4,,,AB,210,UG,D,,O,,,10-May-11
AB,496,201310,2,,,AB,399,UG,D,,,,,03-Apr-12
AB,497,201310,2,,,AB,399,UG,D,,,,,03-Apr-12
AB,498,201310,2,,,AB,399,UG,D,,,,,03-Apr-12
AB,499,201310,2,,,AB,399,UG,D,,,,,03-Apr-12
AS,102,201010,2,,,AS,101,UG,D,,,,,01-Sep-09
AS,103,201010,2,,,AS,102,UG,D,,,,,01-Sep-09
AS,201,201010,2,,,AS,103,UG,D,,,,,01-Sep-09
AS,202,201010,2,,,AS,201,UG,D,,,,,01-Sep-09
AS,203,201010,2,,,AS,202,UG,D,,,,,01-Sep-09
AS,302,201010,2,,,AS,301,UG,D,,,,,01-Sep-09
AS,303,201010,2,,,AS,302,UG,D,,,,,01-Sep-09
AS,401,201010,2,,,AS,303,UG,D,,,,,01-Sep-09
AS,402,201010,2,,,AS,401,UG,D,,,,,01-Sep-09
AS,403,201010,2,,,AS,402,UG,D,,,,,01-Sep-09
BE,200,200410,2,,,BE,100,UG,D,,,,,10-Nov-05
BE,201,201010,2,,,BE,100,UG,D,,,,,30-Jul-09
BE,201,201010,4,,,ES,203,UG,D,,A,,,30-Jul-09
BE,310,200410,2,,,AB,120,UG,D,,,,,10-Dec-04
BE,317,200610,2,,,EM,104,UG,D,,,,,23-Sep-05
BE,320,200510,2,,,BE,310,UG,D,,,,,10-Dec-04
BE,325,200510,2,,,EM,301,UG,D,,,,,30-Dec-04
BE,325,200510,4,,,CHE,301,UG,D,,O,,,30-Dec-04
BE,325,200510,6,,,ES,202,UG,D,,O,,,10-Nov-05
BE,330,200510,2,,,ES,201,UG,D,,,,,30-Dec-04
BE,330,200510,4,,,EM,120,UG,D,,A,,,21-Jun-05
BE,330,200510,6,,,BE,200,UG,D,,A,,,21-Jun-05
BE,330,200710,2,,,ES,201,UG,D,,,,,23-Oct-06
BE,330,200710,4,,,EM,203,UG,D,,A,,,23-Oct-06
BE,330,200710,6,,,BE,200,UG,D,,A,,,23-Oct-06
BE,330,200910,2,,,ES,201,UG,D,,,,,14-Apr-08
BE,330,200910,6,,,BE,200,UG,D,,A,,,14-Apr-08
BE,330,200910,8,,,EM,203,UG,D,,A,(,,14-Apr-08
BE,330,200910,10,,,EM,204,UG,D,,O,,),14-Apr-08
BE,331,201010,2,,,ES,201,UG,D,,,,,30-Jul-09
BE,331,201010,4,,,EM,204,UG,D,,A,,,30-Jul-09
BE,331,201010,6,,,BE,201,UG,D,,A,(,,13-Oct-09
BE,331,201010,8,,,BE,200,UG,D,,O,,),13-Oct-09
BE,340,200610,2,,,BE,200,UG,D,,,,,08-Nov-05
BE,340,200710,2,,,BE,200,UG,D,,,,,02-Oct-06
BE,340,200710,4,,,ES,203,UG,D,,A,,,02-Oct-06
BE,340,201010,2,,,BE,200,UG,D,,,(,,08-Oct-09
BE,340,201010,3,,,BE,201,UG,D,,O,,),08-Oct-09
BE,340,201010,4,,,ES,203,UG,D,,A,,,08-Oct-09
BE,340,201410,3,,,BE,201,UG,D,,,,,21-Feb-13
BE,340,201410,4,,,ES,203,UG,D,,A,,,21-Feb-13
BE,350,200510,2,,,ES,205,UG,D,,,,,30-Dec-04
BE,351,201010,2,,,ES,201,UG,D,,,,,30-Jul-09
BE,351,201010,4,,,EM,204,UG,D,,A,,,30-Jul-09
BE,351,201010,6,,,BE,201,UG,D,,A,(,,13-Oct-09
BE,351,201010,8,,,BE,200,UG,D,,O,,),13-Oct-09
BE,352,201010,2,,,ES,201,UG,D,,,,,30-Jul-09
BE,352,201010,4,,,EM,204,UG,D,,A,,,30-Jul-09
BE,352,201010,6,,,BE,201,UG,D,,A,,,30-Jul-09
BE,352,201010,8,,,BE,331,UG,D,Y,A,,,30-Jul-09
BE,353,201010,2,,,ES,201,UG,D,,,,,30-Jul-09
BE,353,201010,4,,,EM,204,UG,D,,A,,,30-Jul-09
BE,353,201010,6,,,BE,201,UG,D,,A,,,30-Jul-09
BE,353,201010,8,,,BE,361,UG,D,Y,A,,,30-Jul-09
BE,360,200510,2,,,BE,200,UG,D,,,,,10-Nov-05
BE,390,200410,2,,,BE,200,UG,D,,,,,30-Dec-04
BE,390,201110,2,,,BE,200,UG,D,,,(,,06-May-10
BE,390,201110,4,,,BE,201,UG,D,,O,,),06-May-10
BE,390,201110,6,,,EM,204,UG,D,Y,A,,,06-May-10
BE,410,200410,2,,,BE,390,UG,D,,,,,30-Dec-04
BE,411,200510,2,,,AB,210,UG,D,,,,,30-Dec-04
BE,420,200510,2,,,BE,410,UG,D,,,,,30-Dec-04
BE,422,200010,1,,,MA,205,UG,D,,,,,12-Feb-99
BE,422,200010,2,,,MA,311,UG,D,,O,,,12-Feb-99
BE,422,200010,3,,,MA,411,UG,D,,O,,,12-Feb-99
BE,422,200510,1,,,MA,223,UG,D,,,,,30-Dec-04
BE,422,200510,2,,,MA,381,UG,D,,O,,,30-Dec-04
BE,422,200510,3,,,BE,420,UG,D,,O,,,30-Dec-04
BE,422,200610,1,,,MA,223,UG,D,,,,,17-Jun-05
BE,422,200610,2,,,MA,382,UG,D,,O,,,17-Jun-05
BE,430,200530,2,,,BE,420,UG,D,,,,,17-Jun-05
BE,431,000000,1,,,CHEM,252,UG,D,,,,,12-Feb-99
BE,431,000000,2,,,CHEM,362,UG,D,,A,,,12-Feb-99
BE,432,000000,1,,,BE,431,UG,D,,,,,12-Feb-99
BE,435,200710,2,,,PH,113,UG,D,Y,,,,16-Aug-06
BE,435,200710,4,,,MA,222,UG,D,,A,(,,02-Feb-10
BE,435,200710,6,,,MA,212,UG,D,,O,,),02-Feb-10
BE,482,200610,2,,,MA,223,UG,D,,,,,28-Oct-05
BE,482,200610,4,,,MA,382,UG,D,,O,,,28-Oct-05
BE,510,200830,2,,,BE,200,UG,D,,,,,04-Jan-08
BE,510,201010,2,,,BE,200,UG,D,,,,,08-Oct-09
BE,510,201010,4,,,BE,201,UG,D,,O,,,08-Oct-09
BE,519,000000,2,,,BE,516,UG,D,,,,,30-Dec-04
BE,519,000000,4,,,BE,516,GR,D,,O,,,30-Dec-04
BE,525,200010,1,,,EM,301,UG,D,,,,,12-Feb-99
BE,525,200010,2,,,CHE,301,UG,D,,O,,,19-Feb-99
BE,525,200010,4,,,ES,202,UG,D,,O,,,17-Jun-05
BE,530,200010,2,,,ES,201,UG,D,,,,,30-Dec-04
BE,530,200010,4,,,EM,120,UG,D,,O,,,30-Dec-04
BE,531,200610,2,,,BE,330,UG,D,,,,,28-Oct-05
BE,531,201010,2,,,BE,330,UG,D,,,,,08-Oct-09
BE,531,201010,4,,,BE,331,UG,D,,O,,,08-Oct-09
BE,534,200710,2,,,EM,203,UG,D,,,,,08-Nov-06
BE,534,200710,4,,,BE,330,UG,D,,A,,,08-Nov-06
BE,534,200910,2,,,EM,203,UG,D,,,(,,14-Apr-08
BE,534,200910,3,,,EM,204,UG,D,,O,,),14-Apr-08
BE,534,200910,4,,,BE,330,UG,D,,A,,,14-Apr-08
BE,534,201010,2,,,EM,203,UG,D,,,(,,08-Oct-09
BE,534,201010,3,,,EM,204,UG,D,,O,,),08-Oct-09
BE,534,201010,4,,,BE,330,UG,D,,A,(,,08-Oct-09
BE,534,201010,6,,,BE,331,UG,D,,O,,),08-Oct-09
BE,535,200010,2,,,PH,113,UG,D,,,,,30-Dec-04
BE,535,200010,4,,,MA,222,UG,D,,A,,,30-Dec-04
BE,535,200910,2,,,PH,113,UG,D,,,,,02-Feb-10
BE,535,200910,4,,,MA,222,UG,D,,A,(,,02-Feb-10
BE,535,200910,6,,,MA,212,UG,D,,O,,),02-Feb-10
BE,539,200710,2,,,EM,203,UG,D,Y,,,,18-Dec-06
BE,539,200710,4,,,BE,330,UG,D,,A,,,18-Dec-06
BE,539,200910,2,,,EM,203,UG,D,Y,,(,,14-Apr-08
BE,539,200910,3,,,EM,204,UG,D,,O,,),14-Apr-08
BE,539,200910,4,,,BE,330,UG,D,,A,,,14-Apr-08
BE,539,201010,2,,,EM,203,UG,D,Y,,(,,08-Oct-09
BE,539,201010,3,,,EM,204,UG,D,,O,,),08-Oct-09
BE,539,201010,4,,,BE,330,UG,D,,A,(,,08-Oct-09
BE,539,201010,6,,,BE,331,UG,D,,O,,),08-Oct-09
BE,540,000000,1,,,PH,113,UG,D,,,,,12-Feb-99
BE,540,000000,2,,,MA,202,UG,D,,O,,,12-Feb-99
BE,540,000000,3,,,MA,213,UG,D,,O,,,12-Feb-99
BE,540,200510,1,,,PH,113,UG,D,,,,,30-Dec-04
BE,540,200510,2,,,MA,222,UG,D,,A,,,30-Dec-04
BE,541,201410,2,,,BE,340,UG,B,,,,,30-Jul-13
BE,543,201010,2,,,BE,310,UG,D,,,,,24-Sep-09
BE,543,201010,4,,,BE,201,UG,D,,A,,,24-Sep-09
BE,545,200530,2,,,EM,203,UG,D,,,,,14-Jun-05
BE,545,200530,4,,,BE,330,UG,D,,A,,,14-Jun-05
BE,545,200910,2,,,EM,203,UG,D,,,(,,14-Apr-08
BE,545,200910,3,,,EM,204,UG,D,,O,,),14-Apr-08
BE,545,200910,4,,,BE,330,UG,D,,A,,,14-Apr-08
BE,545,201010,2,,,EM,203,UG,D,,,(,,08-Oct-09
BE,545,201010,3,,,EM,204,UG,D,,O,,),08-Oct-09
BE,545,201010,4,,,BE,330,UG,D,,A,(,,08-Oct-09
BE,545,201010,6,,,BE,331,UG,D,,O,,),08-Oct-09
BE,550,200710,2,,,BE,330,UG,D,,,,,16-Aug-06
BE,550,201010,2,,,BE,330,UG,D,,,,,08-Oct-09
BE,550,201010,4,,,BE,331,UG,D,,O,,,08-Oct-09
BE,560,200610,2,,,BE,360,UG,D,,,,,05-May-05
BE,560,201010,2,,,BE,360,UG,D,,,,,08-Oct-09
BE,560,201010,4,,,BE,361,UG,D,,O,,,08-Oct-09
BE,565,201210,2,,,BE,361,UG,D,,,,,13-Jun-11
CE,201,200010,1,,,CE,101,UG,D,,,,,12-Feb-99
CE,210,200810,2,,,EM,104,UG,D,,,,,17-Sep-07
CE,210,200810,4,,,CE,110,UG,D,,A,,,17-Sep-07
CE,310,200010,1,,,CS,100,UG,D,,,,,12-Feb-99
CE,310,200010,3,,,CE,110,UG,D,,O,,,12-Apr-02
CE,310,200510,3,,,CE,110,UG,D,,,,,30-Dec-04
CE,310,200810,3,,,CE,210,UG,D,,,,,17-Sep-07
CE,310,200810,5,,,MA,222,UG,D,,A,,,17-Sep-07
CE,310,200910,3,,,CE,210,UG,D,,,,,02-Feb-10
CE,310,200910,5,,,MA,222,UG,D,,A,(,,02-Feb-10
CE,310,200910,7,,,MA,212,UG,D,,O,,),02-Feb-10
CE,310,201210,3,,,CE,110,UG,D,,,(,,28-Oct-11
CE,310,201210,4,,,CE,210,UG,D,,O,,),28-Oct-11
CE,310,201210,5,,,MA,222,UG,D,,A,(,,28-Oct-11
CE,310,201210,7,,,MA,212,UG,D,,O,,),28-Oct-11
CE,310,201410,2,,,MA,212,UG,D,,,,,12-Mar-13
CE,321,200010,1,,,EM,203,UG,D,,,,,12-Feb-99
CE,321,200010,3,,,EM,204,UG,D,,O,,,30-Sep-09
CE,336,200010,1,,,EM,203,UG,D,,,(,,05-May-09
CE,336,200010,2,,,EM,301,UG,D,,A,,),05-May-09
CE,336,200010,4,,,EM,204,UG,D,,O,(,,05-May-09
CE,336,200010,6,,,EM,301,UG,D,,A,,),05-May-09
CE,371,200010,1,,,EM,301,UG,D,,,,,12-Feb-99
CE,380,201410,2,,,MA,223,UG,D,Y,,,,21-Jan-14
CE,380,201410,4,,,CE,320,UG,D,Y,A,,,21-Jan-14
CE,400,200010,1,,,CE,489,UG,D,,,,,04-Aug-99
CE,400,201310,1,,,CE,489,UG,D,,,,,14-Jan-13
CE,400,201310,3,,,CE,488,UG,D,,O,,,14-Jan-13
CE,421,200010,1,,,CE,321,UG,D,,,,,12-Feb-99
CE,424,200010,1,,,CE,321,UG,D,,,,,12-Feb-99
CE,430,200010,1,,,CE,321,UG,D,,,,,12-Feb-99
CE,431,200010,1,,,CE,321,UG,D,,,,,12-Feb-99
CE,432,200010,1,,,CE,321,UG,D,,,,,12-Feb-99
CE,433,200010,1,,,CE,431,UG,D,,,,,12-Feb-99
CE,434,200010,1,,,CE,432,UG,D,,,,,12-Feb-99
CE,435,200010,1,,,CE,321,UG,D,,,,,12-Feb-99
CE,436,200010,1,,,CE,336,UG,D,,,,,12-Feb-99
CE,436,200010,2,,,CE,432,UG,D,,A,,,05-Nov-99
CE,444,200010,1,,,CE,320,UG,D,,,,,12-Feb-99
CE,445,200610,2,,,CE,201,UG,D,,,,,21-Jun-05
CE,445,200610,4,,,CE,336,UG,D,,A,,,21-Jun-05
CE,450,200010,1,,,CE,431,UG,D,,,,,12-Feb-99
CE,450,200010,2,,,CE,432,UG,D,,A,,,12-Feb-99
CE,450,200010,4,,,CE,361,UG,D,,A,,,30-Dec-04
CE,450,200610,2,,,CE,431,UG,D,,,,,01-May-07
CE,450,200610,4,,,CE,432,UG,D,,A,,,21-Jun-05
CE,460,200010,1,,,EM,301,UG,D,,,,,05-Nov-99
CE,460,200010,3,,,CHE,301,UG,D,,O,,,18-Jan-05
CE,460,200010,5,,,ES,202,UG,D,,O,,,18-Jan-05
CE,460,200610,1,,,EM,301,UG,D,,,,,21-Jun-05
CE,460,200610,3,,,CHE,301,UG,D,,O,,,21-Jun-05
CE,460,200610,5,,,ES,202,UG,D,,O,,,21-Jun-05
CE,462,000000,1,,,CE,460,UG,D,,,,,12-Feb-99
CE,471,200010,1,,,EM,301,UG,D,,,,,30-Dec-04
CE,471,200010,3,,,CHE,301,UG,D,,O,,,10-Oct-05
CE,471,200010,5,,,ES,202,UG,D,,O,,,10-Oct-05
CE,486,201310,2,,,RH,330,UG,D,,,,,19-Jul-12
CE,486,201310,4,,,CE,460,UG,D,,A,,,19-Jul-12
CE,486,201310,6,,,CE,450,UG,D,Y,A,,,19-Jul-12
CE,487,201310,2,,,CE,486,UG,D,,,,,19-Jul-12
CE,488,201310,2,,,CE,486,UG,D,,,,,19-Jul-12
CE,489,200010,1,,,RH,330,UG,D,,,,,05-Nov-99
CE,489,200010,2,,,CE,460,UG,D,,A,,,05-Nov-99
CE,520,200010,1,,,CE,421,UG,D,,,,,12-Feb-99
CE,520,200010,2,,,MA,202,UG,D,,A,,,12-Feb-99
CE,520,200510,1,,,CE,421,UG,D,,,,,30-Dec-04
CE,520,200510,2,,,MA,222,UG,D,,A,,,30-Dec-04
CE,520,200910,1,,,CE,421,UG,D,,,,,02-Feb-10
CE,520,200910,2,,,MA,222,UG,D,,A,(,,02-Feb-10
CE,520,200910,4,,,MA,212,UG,D,,O,,),02-Feb-10
CE,521,201410,2,,,CE,321,UG,D,,,,,31-Jul-13
CE,522,200010,1,,,CE,421,UG,D,,,,,12-Feb-99
CE,522,201410,1,,,CE,521,UG,D,Y,,,,30-Sep-13
CE,523,200010,1,,,CE,321,UG,D,,,,,12-Feb-99
CE,523,201410,1,,,CE,522,UG,D,,,,,30-Sep-13
CE,524,201410,2,,,CE,523,UG,D,,,,,30-Sep-13
CE,525,200010,1,,,CE,201,UG,D,,,,,05-Nov-99
CE,525,200510,1,,,CE,321,UG,D,,,,,30-Dec-04
CE,525,201410,1,,,CE,321,UG,D,,,,,30-Sep-13
CE,530,200010,1,,,CE,430,UG,D,,,,,12-Feb-99
CE,531,200010,1,,,CE,432,UG,D,,,,,12-Feb-99
CE,532,201410,2,,,CE,432,UG,D,,,,,31-Jul-13
CE,533,200010,1,,,CE,433,UG,D,,,,,12-Feb-99
CE,533,201410,1,,,CE,431,UG,D,,,,,30-Sep-13
CE,533,201410,3,,,CE,432,UG,D,,A,,,30-Sep-13
CE,534,200010,1,,,CE,434,UG,D,,,,,12-Feb-99
CE,534,200510,1,,,CE,432,UG,D,,,,,30-Dec-04
CE,534,201410,1,,,CE,432,UG,D,,,,,30-Sep-13
CE,535,200010,1,,,CE,432,UG,D,,,,,12-Feb-99
CE,536,200010,1,,,CE,436,UG,D,,,,,12-Feb-99
CE,537,201410,2,,,CE,431,UG,D,,,,,15-Oct-13
CE,562,200010,1,,,CE,563,UG,D,,,,,05-Nov-99
CE,562,200010,2,,,CHE,461,UG,D,,O,,,05-Nov-99
CE,563,200010,1,,,CE,460,UG,D,,,,,12-Feb-99
CE,565,200010,1,,,CE,460,UG,D,,,,,12-Feb-99
CE,567,200010,1,,,CE,471,UG,D,,,,,12-Feb-99
CE,568,200010,1,,,CE,460,UG,D,,,,,12-Feb-99
CE,570,200010,1,,,CE,371,UG,D,,,,,12-Feb-99
CE,572,200010,1,,,CE,471,UG,D,,,,,12-Feb-99
CE,573,200010,1,,,CE,471,UG,D,,,,,12-Feb-99
CHE,201,200010,1,,,MA,113,UG,D,,,(,,19-Jan-05
CHE,201,200010,1.5,,,MA,FTC,UG,S,,O,,),19-Jan-05
CHE,201,200010,2,,,PH,111,UG,D,,A,,,05-Nov-99
CHE,201,200010,4,,,CHEM,113,UG,D,,A,(,,04-May-05
CHE,201,200010,6,,,CHEM,114,UG,EX,,O,,,04-May-05
CHE,201,200010,8,,,CHEM,202,UG,D,,O,,,05-May-09
CHE,201,200010,10,,,CHEM,107,UG,D,,O,,),05-May-09
CHE,201,201210,1,,,MA,113,UG,D,Y,,(,,10-Jun-11
CHE,201,201210,1.5,,,MA,FTC,UG,S,,O,,),10-Jun-11
CHE,201,201210,2,,,PH,111,UG,D,Y,A,,,15-Jun-11
CHE,201,201210,4,,,CHEM,113,UG,D,Y,A,(,,15-Jun-11
CHE,201,201210,5,,,CHEM,112,UG,D,Y,O,,,15-Jun-11
CHE,201,201210,6,,,CHEM,114,UG,EX,,O,,,10-Jun-11
CHE,201,201210,8,,,CHEM,202,UG,D,,O,,,10-Jun-11
CHE,201,201210,10,,,CHEM,107,UG,D,,O,,),10-Jun-11
CHE,202,200010,1,,,CHE,201,UG,D,,,,,12-Feb-99
CHE,301,200010,1,,,CHE,201,UG,D,,,,,12-Feb-99
CHE,303,200010,1,,,CHE,201,UG,D,,,,,30-Dec-04
CHE,303,200010,3,,,MA,221,UG,D,,A,,,30-Dec-04
CHE,303,200920,1,,,CHE,202,UG,D,,,,,07-Nov-08
CHE,303,200920,3,,,MA,221,UG,D,,A,(,,02-Feb-10
CHE,303,200920,5,,,MA,211,UG,D,,O,,),02-Feb-10
CHE,303,201410,1,,,CHE,202,UG,D,,,,,10-Jan-14
CHE,303,201410,2,,,CHE,110,UG,D,Y,A,,,10-Jan-14
CHE,303,201410,3,,,MA,221,UG,D,,A,(,,10-Jan-14
CHE,303,201410,5,,,MA,211,UG,D,,O,,),10-Jan-14
CHE,304,200010,1,,,CHE,303,UG,D,,,,,12-Feb-99
CHE,304,200010,3,,,MA,222,UG,D,,A,,,10-Dec-04
CHE,304,200910,1,,,CHE,303,UG,D,,,,,02-Feb-10
CHE,304,200910,3,,,MA,222,UG,D,,A,(,,02-Feb-10
CHE,304,200910,5,,,MA,212,UG,D,,O,,),02-Feb-10
CHE,305,200010,1,,,CHE,414,UG,D,,,,,12-Feb-99
CHE,310,200810,2,,,CHE,110,UG,D,,,(,,02-Feb-10
CHE,310,200810,4,,,MA,222,UG,D,Y,A,,),02-Feb-10
CHE,310,200810,6,,,CHE,110,UG,D,,O,(,,02-Feb-10
CHE,310,200810,8,,,MA,211,UG,D,,A,,,02-Feb-10
CHE,310,200810,10,,,MA,212,UG,D,Y,A,,),02-Feb-10
CHE,314,000000,2,,,CHE,202,UG,D,,,,,30-Dec-04
CHE,314,000000,4,,,CHE,301,UG,D,,A,,,30-Dec-04
CHE,314,000000,6,,,MA,221,UG,D,,A,,,30-Dec-04
CHE,314,200010,2,,,CHE,202,UG,D,,,,,10-Dec-04
CHE,314,200010,4,,,CHE,301,UG,D,,A,,,10-Dec-04
CHE,314,200010,6,,,MA,221,UG,D,,A,,,10-Dec-04
CHE,314,201010,2,,,CHE,202,UG,D,,,(,,02-Feb-10
CHE,314,201010,4,,,CHE,301,UG,D,,A,,,02-Feb-10
CHE,314,201010,6,,,MA,221,UG,D,,A,,),02-Feb-10
CHE,314,201010,8,,,CHE,202,UG,D,,O,(,,02-Feb-10
CHE,314,201010,10,,,CHE,301,UG,D,,A,,,02-Feb-10
CHE,314,201010,12,,,MA,211,UG,D,,A,,,02-Feb-10
CHE,314,201010,14,,,MA,212,UG,D,,A,,),02-Feb-10
CHE,315,000000,2,,,CHEM,113,UG,D,,,,,30-Dec-04
CHE,315,000000,4,,,CHEM,114,UG,S,,O,,,05-May-09
CHE,315,000000,6,,,CHEM,202,UG,D,,O,,,01-May-07
CHE,315,000000,8,,,CHEM,107,UG,D,,O,,,05-May-09
CHE,315,200010,2,,,CHEM,113,UG,D,,,,,10-Dec-04
CHE,315,200010,4,,,CHEM,114,UG,D,,O,,,04-May-05
CHE,315,200010,6,,,CHEM,202,UG,D,,O,,,01-May-07
CHE,315,200010,8,,,CHEM,107,UG,D,,O,,,08-Sep-09
CHE,315,201410,2,,,CHEM,115,UG,D,,,,,24-Jan-13
CHE,320,201310,2,,,CHE,202,UG,D,,,,,20-Apr-12
CHE,320,201310,4,,,CHE,301,UG,D,,A,,,20-Apr-12
CHE,320,201310,6,,,MA,211,UG,D,,A,,,20-Apr-12
CHE,320,201310,8,,,MA,212,UG,D,,A,,,20-Apr-12
CHE,320,201310,10,,,CHE,304,UG,D,Y,A,,,30-Apr-13
CHE,321,201310,2,,,CHE,320,UG,D,,,,,20-Apr-12
CHE,321,201310,4,,,CHE,304,UG,D,,A,,,20-Apr-12
CHE,325,000000,2,,,CHE,202,UG,D,,,,,10-Dec-04
CHE,325,000000,4,,,CHE,314,UG,D,,A,,,10-Dec-04
CHE,325,000000,6,,,CHE,304,UG,D,,A,,,10-Dec-04
CHE,325,200510,2,,,CHE,202,UG,D,,,,,14-Jan-05
CHE,325,200510,4,,,CHE,314,UG,D,,A,,,14-Jan-05
CHE,325,200510,6,,,CHE,304,UG,D,,A,,,14-Jan-05
CHE,325,201210,4,,,CHE,314,UG,D,,,,,27-Jan-11
CHE,325,201210,6,,,CHE,304,UG,D,,A,,,27-Jan-11
CHE,385,200510,2,,,MA,223,UG,D,,,,,30-Dec-04
CHE,385,200510,4,,,MA,381,UG,D,,O,,,30-Dec-04
CHE,401,200010,1,,,CHE,305,UG,D,,,,,12-Feb-99
CHE,402,200010,1,,,CHE,202,UG,D,,,,,05-Nov-99
CHE,402,200010,2,,,CHE,414,UG,D,,A,,,12-Nov-99
CHE,403,200010,1,,,CHE,305,UG,D,,,,,05-Nov-99
CHE,403,200010,2,,,CHE,402,UG,D,,A,,,12-Nov-99
CHE,404,200010,1,,,CHEM,360,UG,D,,,,,05-Nov-99
CHE,404,200010,2,,,CHE,304,UG,D,,A,,,12-Feb-99
CHE,406,200010,1,,,CHE,303,UG,D,,,,,05-Nov-99
CHE,406,200010,2,,,CHE,305,UG,D,,A,,,05-Nov-99
CHE,407,200010,1,,,CHE,401,UG,D,,,,,05-Nov-99
CHE,407,200010,2,,,CHE,404,UG,D,,A,,,05-Nov-99
CHE,407,200010,3,,,CHE,406,UG,D,,A,,,05-Nov-99
CHE,407,200010,4,,,CHE,440,UG,D,,A,,,05-Nov-99
CHE,408,200010,1,,,CHE,403,UG,D,,,,,12-Nov-99
CHE,410,000000,2,,,CHE,202,UG,D,,,,,30-Dec-04
CHE,410,000000,4,,,MA,223,UG,D,,A,,,30-Dec-04
CHE,410,200610,2,,,CHE,202,UG,D,,,,,17-Jun-05
CHE,410,200610,4,,,MA,223,UG,D,,A,,,17-Jun-05
CHE,410,200610,6,,,RH,330,UG,D,,A,,,17-Jun-05
CHE,410,200610,,,,RH,330,UG,D,,A,,,17-Jun-05
CHE,411,200410,2,,,CHE,202,UG,D,,,,,30-Dec-04
CHE,411,200410,4,,,CHE,314,UG,D,,A,,,30-Dec-04
CHE,411,200410,6,,,MA,223,UG,D,,A,,,30-Dec-04
CHE,411,200910,2,,,CHE,202,UG,D,,,,,25-Jun-08
CHE,411,200910,4,,,CHE,314,UG,D,,A,,,25-Jun-08
CHE,411,200910,6,,,MA,223,UG,D,,A,,,25-Jun-08
CHE,411,200910,8,,,RH,330,UG,D,,A,,,25-Jun-08
CHE,411,201010,4,,,CHE,314,UG,D,,,,,25-Feb-09
CHE,411,201010,6,,,MA,223,UG,D,,A,,,25-Feb-09
CHE,411,201010,8,,,RH,330,UG,D,,A,,,25-Feb-09
CHE,411,201010,10,,,CHEM,115,UG,D,,A,,,25-Feb-09
CHE,411,201010,12,,,CHEM,225,UG,D,,A,,,25-Feb-09
CHE,411,201130,4,,,CHE,314,UG,D,,,,,15-Sep-11
CHE,411,201130,6,,,MA,223,UG,D,,A,,,15-Sep-11
CHE,411,201130,8,,,RH,330,UG,D,,A,,,15-Sep-11
CHE,411,201130,10,,,CHEM,115,UG,D,,A,,,15-Sep-11
CHE,411,201130,12,,,CHEM,225,UG,D,,A,,,15-Sep-11
CHEM,230,000000,4,,,CHEM,202,UG,D,,O,,,03-Jan-05
CHEM,231,000000,1,,,CHEM,112,UG,B,,,,,12-Feb-99
CHEM,231,000000,2,,,CHEM,113,UG,D,,O,,,12-Feb-99
CHEM,241,200010,1,,,CHEM,115,UG,D,,,,,12-Feb-99
CHEM,241,200010,3,,,CHEM,202,UG,D,,O,,,03-Jan-05
CHEM,241,200910,1,,,CHEM,115,UG,D,,,,,27-Jun-08
CHEM,251,200010,1,,,CHEM,115,UG,D,,,,,12-Feb-99
CHEM,251,200110,1,,,CHEM,115,UG,D,,,,,03-Jan-05
CHEM,251,200110,3,,,CHEM,202,UG,D,,O,,,03-Jan-05
CHEM,251,200110,5,,,CHEM,107,UG,D,,O,,,05-May-09
CHEM,251,200110,,,,CHEM,201,UG,D,,O,,,03-Jan-05
CHEM,251,201210,3,,,CHEM,202,UG,D,,,,,29-Aug-11
CHEM,251,201210,5,,,CHEM,107,UG,D,,O,,,10-May-11
CHEM,251,201210,7,,,CHEM,113,UG,D,,O,,,10-May-11
CHEM,251,201210,9,,,CHEM,112,UG,D,,O,,,10-May-11
CHEM,251,201210,,,,CHEM,201,UG,D,,O,,,10-May-11
CHEM,252,200010,1,,,CHEM,251,UG,D,,,,,12-Feb-99
CHEM,252,200110,1,,,CHEM,251,UG,D,,,,,03-Jan-05
CHEM,253,200010,1,,,CHEM,252,UG,D,,,,,12-Feb-99
CHEM,264,000000,2,,,CHEM,111,UG,D,,,,,03-Jan-05
CHEM,264,000000,4,,,CHEM,201,UG,D,,O,,,03-Jan-05
CHEM,264,000000,6,,,CHEM,112,UG,D,,O,,,19-Jan-06
CHEM,264,000000,8,,,CHEM,105,UG,D,,O,,,21-Jan-09
CHEM,264,201410,2,,,CHEM,113,UG,D,,,(,,02-Jan-14
CHEM,264,201410,4,,,CHEM,113L,UG,D,,A,,),02-Jan-14
CHEM,264,201410,6,,,CHEM,112,UG,D,,O,(,,02-Jan-14
CHEM,264,201410,8,,,CHEM,114,UG,D,,A,,),02-Jan-14
CHEM,270,200010,1,,,CHEM,111,UG,D,,,,,05-Nov-99
CHEM,270,200010,3,,,CHEM,201,UG,D,,O,,,03-Jan-05
CHEM,270,200010,5,,,CHEM,112,UG,D,,O,,,17-Jan-06
CHEM,270,200010,7,,,CHEM,105,UG,D,,O,,,20-Jan-09
CHEM,291,201010,2,,,CHEM,115,UG,D,,,,,31-Jul-09
CHEM,291,201010,4,,,CHEM,107,UG,D,,O,,,31-Jul-09
CHEM,291,201210,2,,,CHEM,115,UG,D,,,,,10-May-11
CHEM,291,201210,4,,,CHEM,107,UG,D,,O,,,10-May-11
CHEM,291,201210,6,,,CHEM,113,UG,D,,O,,,10-May-11
CHEM,291,201210,8,,,CHEM,112,UG,D,,O,,,10-May-11
CHEM,326,200010,1,,,CHEM,225,UG,D,,,,,12-Feb-99
CHEM,326,201010,1,,,CHEM,225,UG,D,,,,,08-Jan-09
CHEM,327,200010,1,,,CHEM,225,UG,D,,,,,12-Feb-99
CHEM,327,200110,1,,,CHEM,225,UG,D,,,,,03-Jan-05
CHEM,327,201010,1,,,CHEM,225,UG,D,,,,,08-Jan-09
CHEM,330,000000,2,,,CHEM,252,UG,D,,,,,03-Jan-05
CHEM,330,000000,4,,,CHEM,230,UG,D,,O,,,03-Jan-05
CHEM,330,201010,2,,,CHEM,252,UG,D,,,,,08-Jan-09
CHEM,330,201010,4,,,CHEM,230,UG,D,,O,,,08-Jan-09
CHEM,330,201210,2,,,CHEM,252,UG,D,,,,,07-Dec-10
CHEM,331,201010,2,,,CHEM,330,UG,D,,,,,08-Jan-09
CHEM,331,201010,4,,,AB,210,UG,D,,A,,,08-Jan-09
CHEM,360,200010,1,,,CHEM,303,UG,D,,,(,,04-Aug-99
CHEM,360,200010,2,,,CHEM,304,UG,D,,A,,),04-Aug-99
CHEM,360,200120,1,,,CHE,303,UG,D,,,(,,03-Jan-05
CHEM,360,200120,2,,,CHE,304,UG,D,,A,,),03-Jan-05
CHEM,360,200910,1,,,CHE,303,UG,D,,,(,,27-Jun-08
CHEM,360,200910,2,,,CHE,304,UG,D,,A,,,27-Jun-08
CHEM,360,200910,4,,,CHEM,115,UG,D,,A,,),27-Jun-08
CHEM,361,200010,1,,,CHEM,115,UG,D,,,,,12-Feb-99
CHEM,361,200010,2,,,MA,221,UG,D,,A,,,05-Nov-99
CHEM,361,200120,1,,,CHEM,115,UG,D,,,(,,03-Jan-05
CHEM,361,200120,1.5,,,CHEM,202,UG,D,,O,,),03-Jan-05
CHEM,361,200120,2,,,MA,221,UG,D,,A,,,03-Jan-05
CHEM,361,200910,1,,,CHEM,115,UG,D,,,(,,02-Feb-10
CHEM,361,200910,1.5,,,CHEM,202,UG,D,,O,,),02-Feb-10
CHEM,361,200910,2,,,MA,221,UG,D,,A,(,,02-Feb-10
CHEM,361,200910,4,,,MA,212,UG,D,,O,,),02-Feb-10
CHEM,361,201110,1,,,CHEM,115,UG,D,,,(,,19-Mar-10
CHEM,361,201110,1.5,,,CHEM,202,UG,D,,O,,),19-Mar-10
CHEM,361,201110,2,,,MA,221,UG,D,,A,(,,19-Mar-10
CHEM,361,201110,4,,,MA,212,UG,D,,O,,),19-Mar-10
CHEM,361,201110,6,,,MA,381,UG,D,,A,,,19-Mar-10
CHEM,362,200010,1,,,CHEM,361,UG,D,,,,,12-Feb-99
CHEM,362,200120,1,,,CHEM,361,UG,D,,,,,03-Jan-05
CHEM,363,200010,1,,,CHEM,115,UG,D,,,(,,03-Jan-05
CHEM,363,200010,1.5,,,CHEM,202,UG,D,,O,,),03-Jan-05
CHEM,363,200010,2,,,MA,221,UG,D,,A,,,05-Nov-99
CHEM,363,200010,3,,,PH,112,UG,D,,A,,,12-Feb-99
CHEM,363,200010,4,,,PH,113,UG,D,,A,,,12-Feb-99
CHEM,363,200510,1,,,CHEM,115,UG,D,,,(,,03-Jan-05
CHEM,363,200510,1.5,,,CHEM,202,UG,D,,O,,),03-Jan-05
CHEM,363,200510,2,,,MA,221,UG,D,,A,,,03-Jan-05
CHEM,363,200510,3,,,PH,112,UG,D,,A,,,03-Jan-05
CHEM,363,200510,4,,,PH,113,UG,D,,A,,,03-Jan-05
CHEM,363,200620,1,,,CHEM,115,UG,D,,,(,,06-Apr-06
CHEM,363,200620,1.5,,,CHEM,201,UG,D,,O,,),06-Apr-06
CHEM,363,200620,2,,,MA,221,UG,D,,A,,,06-Apr-06
CHEM,363,200620,3,,,PH,112,UG,D,,A,,,06-Apr-06
CHEM,363,200910,1,,,CHEM,115,UG,D,,,(,,02-Feb-10
CHEM,363,200910,1.25,,,CHEM,105,UG,D,,O,,,02-Feb-10
CHEM,363,200910,1.5,,,CHEM,201,UG,D,,O,,),02-Feb-10
CHEM,363,200910,2,,,MA,221,UG,D,,A,(,,02-Feb-10
CHEM,363,200910,2.5,,,MA,212,UG,D,,O,,),02-Feb-10
CHEM,363,200910,3,,,PH,112,UG,D,,A,,,02-Feb-10
CHEM,363,201210,1,,,CHEM,115,UG,D,,,(,,10-May-11
CHEM,363,201210,1.25,,,CHEM,105,UG,D,,O,,,10-May-11
CHEM,363,201210,1.5,,,CHEM,201,UG,D,,O,,,10-May-11
CHEM,363,201210,1.75,,,CHEM,111,UG,D,,O,,),10-May-11
CHEM,363,201210,2,,,MA,221,UG,D,,A,(,,10-May-11
CHEM,363,201210,2.5,,,MA,212,UG,D,,O,,),10-May-11
CHEM,363,201210,3,,,PH,112,UG,D,,A,,,10-May-11
CHEM,371,201110,2,,,CHEM,251,UG,D,Y,,,,10-Mar-11
CHEM,371,201110,4,,,CHEM,225,UG,D,,A,,,10-Mar-11
CHEM,371,201110,6,,,CHEM,264,UG,D,,A,,,10-Mar-11
CHEM,400,201110,2,,,CHEM,291,UG,D,,,,,02-Nov-10
CHEM,400,201210,2,,,CHEM,291,UG,D,,,,,10-Aug-11
CHEM,401,201210,2,,,CHEM,400,UG,D,,,,,10-Aug-11
CHEM,401,201210,4,,,CHEM,490,UG,D,,A,,,10-Aug-11
CHEM,402,201110,2,,,CHEM,401,UG,D,,,,,02-Nov-10
CHEM,403,201110,2,,,CHEM,402,UG,D,,,,,02-Nov-10
CHEM,411,000000,2,,,CHEM,410,UG,D,,,,,03-Jan-05
CHEM,428,200010,1,,,CHEM,225,UG,D,,,,,12-Feb-99
CHEM,430,000000,2,,,CHEM,330,UG,D,,,,,03-Jan-05
CHEM,430,201010,2,,,CHEM,330,UG,D,,,,,08-Jan-09
CHEM,431,200010,1,,,CHEM,252,UG,D,,,,,12-Feb-99
CHEM,431,201010,1,,,CHEM,330,UG,D,,,,,08-Jan-09
CHEM,431,201010,3,,,AB,210,UG,D,,A,,,08-Jan-09
CHEM,432,200010,1,,,CHEM,431,UG,D,,,,,12-Feb-99
CHEM,433,201210,2,,,CHEM,330,UG,D,,,,,10-May-11
CHEM,441,200010,1,,,CHEM,252,UG,D,,,,,12-Feb-99
CHEM,441,200010,2,,,CHEM,362,UG,D,,A,,,05-Nov-99
CHEM,441,200710,1,,,CHEM,252,UG,D,,,(,,02-May-06
CHEM,441,200710,2,,,CHEM,362,UG,D,,A,,),02-May-06
CHEM,441,200710,4,,,CHEM,252,UG,D,,O,(,,02-May-06
CHEM,441,200710,6,,,CHEM,360,UG,D,,A,,),02-May-06
CHEM,442,200010,1,,,CHEM,441,UG,D,,,,,12-Feb-99
CHEM,445,200010,1,,,CHEM,252,UG,D,,,,,05-Nov-99
CHEM,451,200010,1,,,CHEM,253,UG,D,,,,,12-Feb-99
CHEM,452,200010,1,,,CHEM,253,UG,D,,,,,12-Feb-99
CHEM,454,200010,1,,,CHEM,253,UG,D,,,,,05-Nov-99
CHEM,454,200010,2,,,CHEM,361,UG,D,,A,,,05-Nov-99
CHEM,454,200710,1,,,CHEM,253,UG,D,,,(,,02-May-06
CHEM,454,200710,2,,,CHEM,361,UG,D,,A,,),02-May-06
CHEM,454,200710,4,,,CHEM,253,UG,D,,O,(,,02-May-06
CHEM,454,200710,6,,,CHEM,360,UG,D,,A,,),02-May-06
CHEM,455,200010,1,,,CHEM,253,UG,D,,,,,05-Nov-99
CHEM,456,200010,1,,,CHEM,252,UG,D,,,,,12-Feb-99
CHEM,457,200010,1,,,CHEM,252,UG,D,,,,,12-Feb-99
CHEM,461,200010,1,,,CHEM,363,UG,D,,,,,19-Feb-99
CHEM,461,200610,1,,,CHEM,363,UG,D,,,,,17-Jun-05
CHEM,462,200610,2,,,CHEM,252,UG,D,,,,,23-Mar-05
CHEM,462,201110,2,,,CHEM,361,UG,D,,,,,23-Mar-10
CHEM,462,201110,4,,,CHE,303,UG,D,,O,,,23-Mar-10
CHEM,465,000000,2,,,CHEM,251,UG,D,,,,,03-Jan-05
CHEM,465,000000,4,,,CE,564,UG,D,,O,,,03-Jan-05
CHEM,490,201010,2,,,CHEM,291,UG,D,,,,,31-Jul-09
CHEM,530,201410,2,,,CHEM,330,UG,D,,,,,02-Jan-14
CHEM,532,201410,2,,,CHEM,330,UG,D,,,,,02-Jan-14
CHEM,545,201410,2,,,CHEM,115,UG,D,,,,,02-Jan-14
CHEM,545,201410,4,,,CHEM,252,UG,D,,A,,,02-Jan-14
CHEM,552,201410,2,,,CHEM,253,UG,D,,,,,02-Jan-14
CHEM,554,201410,2,,,CHEM,253,UG,D,,,,,02-Jan-14
CHEM,554,201410,4,,,CHEM,360,UG,D,,A,(,,02-Jan-14
CHEM,554,201410,6,,,CHEM,361,UG,D,,O,,),02-Jan-14
CHEM,555,201410,2,,,CHEM,253,UG,D,,,,,02-Jan-14
CHEM,557,201410,2,,,CHEM,252,UG,D,,,,,02-Jan-14
CHEM,561,201410,2,,,CHEM,363,UG,D,,,,,02-Jan-14
CHEM,562,201410,2,,,CHEM,361,UG,D,,,,,02-Jan-14
CHEM,562,201410,4,,,CHEM,303,UG,D,,O,,,02-Jan-14
CS,220,000000,2,,,CS,120,UG,D,,,,,14-Jan-02
CS,230,000000,2,,,CS,220,UG,D,,,,,14-Jan-02
CS,230,000000,4,,,MA,215,UG,D,,A,,,14-Jan-02
CS,231,200010,1,,,CS,100,UG,D,,,,,12-Feb-99
CS,232,200010,1,,,CS,100,UG,D,,,(,,12-Feb-99
CS,232,200010,1.5,,,CS,120,UG,D,,O,,),14-Jan-02
CS,232,200010,2,,,ECE,130,UG,D,,A,,,12-Feb-99
CS,233,200010,1,,,CS,231,UG,D,,,,,12-Feb-99
CS,304,200010,1,,,CS,233,UG,D,,,,,12-Feb-99
CS,325,200010,1,,,CS,231,UG,D,,,,,05-Nov-99
CS,325,200010,2,,,MA,222,UG,D,,O,,,04-Aug-99
CS,325,200010,3,,,MA,223,UG,D,Y,O,,,12-Nov-99
CS,325,200010,4,,,MA,227,UG,D,Y,O,,,12-Nov-99
CS,325,200010,5,,,MA,311,UG,D,Y,O,,,12-Nov-99
CS,331,200010,1,,,CS,233,UG,D,,,,,05-Nov-99
CS,332,200010,1,,,CS,232,UG,D,,,,,12-Feb-99
CS,332,200010,2,,,CS,233,UG,D,,A,,,12-Feb-99
CS,333,200010,1,,,CS,220,UG,D,,,,,12-Feb-99
CS,351,200210,1,,,CS,220,UG,D,,,(,,24-Apr-02
CS,351,200210,2,,,CS,231,UG,D,,O,,),24-Apr-02
CS,351,200210,4,,,MA,214,UG,D,,A,(,,24-Apr-02
CS,351,200210,6,,,MA,221,UG,D,,O,,),24-Apr-02
CS,404,200010,1,,,CS,232,UG,D,,,,,12-Feb-99
CS,404,200010,2,,,CS,304,UG,D,,A,,,12-Feb-99
CS,413,200010,1,,,CS,233,UG,D,,,,,12-Feb-99
CS,414,200010,1,,,CS,233,UG,D,,,,,12-Feb-99
CS,415,200010,1,,,CS,414,UG,D,,,,,12-Feb-99
CS,432,200010,1,,,CS,232,UG,D,,,,,12-Feb-99
CS,433,200010,1,,,CS,333,UG,D,,,,,12-Feb-99
CS,441,200010,1,,,CS,233,UG,D,,,,,12-Feb-99
CS,441,200010,2,,,MA,315,UG,D,,A,,,12-Feb-99
CS,445,200010,1,,,CS,233,UG,D,,,,,12-Feb-99
CS,445,200010,2,,,MA,315,UG,D,,A,,,12-Feb-99
CS,451,200010,1,,,CS,233,UG,D,,,,,12-Feb-99
CS,451,200010,2,,,CS,351,UG,D,,A,,,12-Feb-99
CS,497,200010,1,,,CS,415,UG,D,,,,,12-Feb-99
CS,498,200010,1,,,CS,497,UG,D,,,,,12-Feb-99
CSSE,132,201010,2,,,CSSE,120,UG,D,,,,,06-Oct-09
CSSE,132,201010,4,,,CSSE,221,UG,D,,O,,,19-Dec-11
CSSE,220,200410,2,,,CSSE,120,UG,D,,,,,03-Jan-05
CSSE,220,200410,4,,,CS,120,UG,D,,O,,,10-Nov-05
CSSE,221,200910,2,,,CSSE,221EL,UG,EX,,,,,26-Aug-08
CSSE,230,200410,2,,,CSSE,220,UG,D,,,(,,10-Oct-05
CSSE,230,200410,3,,,CSSE,221,UG,D,,O,,),10-Oct-05
CSSE,230,200410,4,,,MA,275,UG,D,,A,(,,10-Oct-05
CSSE,230,200410,6,,,MA,215,UG,D,,O,,),10-Oct-05
CSSE,230,200810,2,,,CSSE,220,UG,D,,,,,02-Oct-08
CSSE,230,200810,3,,,CSSE,221,UG,D,,O,,,02-Oct-08
CSSE,230,200810,5,,,CSSE,230EL,UG,S,,O,,,02-Oct-08
CSSE,230,200910,2,,,CSSE,220,UG,D,,,,,26-Aug-08
CSSE,230,200910,3,,,CSSE,221,UG,D,,O,,,26-Aug-08
CSSE,230,200910,5,,,CSSE,230EL,UG,EX,,O,,,26-Aug-08
CSSE,230,201010,2,,,CSSE,220,UG,D,,,(,,25-Feb-09
CSSE,230,201010,3,,,CSSE,221,UG,D,,O,,,25-Feb-09
CSSE,230,201010,5,,,CSSE,230EL,UG,EX,,O,,),25-Feb-09
CSSE,230,201010,7,,,MA,112,UG,D,,A,,,25-Feb-09
CSSE,230,201110,2,,,CSSE,220,UG,C,,,(,,19-May-10
CSSE,230,201110,3,,,CSSE,221,UG,C,,O,,,19-May-10
CSSE,230,201110,5,,,CSSE,230EL,UG,EX,,O,,),19-May-10
CSSE,230,201110,7,,,MA,112,UG,D,,A,,,19-May-10
CSSE,232,200410,2,,,CSSE,120,UG,D,,,(,,03-May-05
CSSE,232,200410,3,,,CS,120,UG,D,,O,,,04-Oct-05
CSSE,232,200410,3.5,,,CSSE,221,UG,D,,O,,,06-May-09
CSSE,232,200410,3.75,,,CSSE,230,UG,D,,O,,),06-May-09
CSSE,232,200410,4,,,ECE,130,UG,D,,A,,,03-Jan-05
CSSE,232,201210,2,,,CSSE,120,UG,D,,,(,,04-May-11
CSSE,232,201210,4,,,ECE,130,UG,D,,A,,),04-May-11
CSSE,232,201210,6,,,CSSE,132,UG,D,,O,(,),10-Oct-13
CSSE,232,201210,8,,,CSSE,221,UG,D,,O,(,,10-Oct-13
CSSE,232,201210,10,,,ECE,130,UG,D,,A,,),10-Oct-13
CSSE,241,200810,2,,,CSSE,220,UG,D,,,,,26-Jun-07
CSSE,241,200810,4,,,CSSE,221,UG,D,,O,,,26-Jun-07
CSSE,304,200410,2,,,CSSE,230,UG,D,,,,,03-Jan-05
CSSE,304,200810,2,,,CSSE,230,UG,D,,,,,10-Aug-07
CSSE,304,200810,4,,,MA,275,UG,D,,A,,,10-Aug-07
CSSE,325,200410,2,,,CSSE,220,UG,D,,,(,,10-Nov-05
CSSE,325,200410,3,,,CSSE,221,UG,D,,O,,),10-Nov-05
CSSE,325,200410,4,,,MA,222,UG,D,,A,(,,02-Feb-10
CSSE,325,201110,2,,,CSSE,220,UG,D,,,(,,02-Feb-10
CSSE,325,201110,4,,,CSSE,221,UG,D,,O,,,02-Feb-10
CSSE,325,201110,5,,,CSSE,230,UG,D,,O,,),02-Feb-10
CSSE,325,201110,6,,,MA,222,UG,D,,A,(,,02-Feb-10
CSSE,325,201110,8,,,MA,212,UG,D,,O,,),02-Feb-10
CSSE,332,200010,2,,,CSSE,220,UG,D,,,(,,10-Oct-05
CSSE,332,200010,3,,,CS,220,UG,D,,O,,,10-Oct-05
CSSE,332,200010,3.5,,,CSSE,221,UG,D,,O,,),10-Oct-05
CSSE,332,200010,4,,,CSSE,232,UG,D,,A,,,03-Jan-05
CSSE,332,201010,2,,,CSSE,220,UG,D,,,(,,24-Sep-09
CSSE,332,201010,3.5,,,CSSE,221,UG,D,,O,,,21-Jan-10
CSSE,332,201010,3.75,,,CSSE,230,UG,D,,O,,),21-Jan-10
CSSE,332,201010,4,,,CSSE,232,UG,D,,A,,,24-Sep-09
CSSE,332,201210,2,,,CSSE,220,UG,D,,,(,,04-May-11
CSSE,332,201210,3.5,,,CSSE,221,UG,D,,O,,,04-May-11
CSSE,332,201210,3.75,,,CSSE,230,UG,D,,O,,),04-May-11
CSSE,332,201210,4,,,CSSE,232,UG,D,,A,(,,16-Jan-13
CSSE,332,201210,6,,,CSSE,132,UG,D,,O,,),16-Jan-13
CSSE,333,200010,2,,,CSSE,220,UG,D,,,,,03-Jan-05
CSSE,333,200010,4,,,CS,220,UG,D,,O,,,10-Oct-05
CSSE,333,200010,6,,,CSSE,221,UG,D,,O,,,10-Oct-05
CSSE,333,200810,2,,,CSSE,230,UG,D,,,,,28-Jan-08
CSSE,333,200810,4,,,MA,275,UG,D,,A,(,,10-Aug-07
CSSE,333,200810,6,,,MA,375,UG,D,,O,,),10-Aug-07
CSSE,333,200830,2,,,MA,275,UG,D,,,,,04-Jan-08
CSSE,333,200830,4,,,CSSE,230,UG,D,Y,A,,,04-Jan-08
CSSE,335,201010,2,,,MA,221,UG,D,,,,,24-Sep-09
CSSE,335,201010,4,,,MA,212,UG,D,,O,,,02-Feb-10
CSSE,351,200410,2,,,CSSE,220,UG,D,,,(,,03-May-05
CSSE,351,200410,3,,,CS,220,UG,D,,O,,,03-May-05
CSSE,351,200410,3.5,,,CSSE,221,UG,D,,O,,,06-May-09
CSSE,351,200410,3.75,,,CSSE,230,UG,D,,O,,),06-May-09
CSSE,351,200410,4,,,MA,221,UG,D,,A,,,03-Jan-05
CSSE,351,201010,2,,,CSSE,220,UG,D,,,(,,02-Feb-10
CSSE,351,201010,3,,,CS,220,UG,D,,O,,,02-Feb-10
CSSE,351,201010,3.5,,,CSSE,221,UG,D,,O,,,02-Feb-10
CSSE,351,201010,3.75,,,CSSE,230,UG,D,,O,,),02-Feb-10
CSSE,351,201010,4,,,MA,221,UG,D,,A,(,,02-Feb-10
CSSE,351,201010,6,,,MA,212,UG,D,,O,,),02-Feb-10
CSSE,371,200410,2,,,CSSE,230,UG,D,,,,,03-Jan-05
CSSE,371,200410,4,,,CS,230,UG,D,,O,,,03-May-05
CSSE,371,200910,2,,,CSSE,230,UG,D,,,,,30-Apr-08
CSSE,371,200910,4,,,CSSE,372,UG,D,Y,A,,,30-Apr-08
CSSE,371,201010,2,,,CSSE,230,UG,D,,,,,17-Mar-09
CSSE,371,201010,4,,,RH,330,UG,D,Y,A,,,17-Mar-09
CSSE,371,201110,2,,,CSSE,230,UG,D,,,,,05-May-11
CSSE,371,201110,4,,,RH,330,UG,D,,A,,,05-May-11
CSSE,372,200410,2,,,CSSE,230,UG,D,,,,,03-Jan-05
CSSE,372,200710,2,,,CSSE,371,UG,D,,,,,27-Jun-06
CSSE,372,200910,2,,,CSSE,371,UG,D,Y,,,,30-Apr-08
CSSE,372,200910,4,,,CSSE,230,UG,D,,A,,,30-Apr-08
CSSE,372,201010,2,,,CSSE,371,UG,D,Y,,,,31-Jul-09
CSSE,373,000000,2,,,CSSE,230,UG,D,,,,,21-Jun-05
CSSE,373,200810,2,,,CSSE,230,UG,D,,,,,10-Aug-07
CSSE,373,200810,4,,,MA,275,UG,D,,A,,,10-Aug-07
CSSE,374,200410,2,,,CSSE,230,UG,D,,,,,10-Nov-05
CSSE,374,200610,2,,,CSSE,230,UG,D,,,,,10-Nov-05
CSSE,374,200710,2,,,CSSE,371,UG,D,,,,,27-Jun-06
CSSE,375,200610,2,,,CSSE,230,UG,D,,,,,10-Nov-05
CSSE,375,200710,2,,,CSSE,371,UG,D,,,,,27-Jun-06
CSSE,375,201010,2,,,CSSE,374,UG,D,,,,,19-May-09
CSSE,376,200610,2,,,CSSE,230,UG,D,,,,,10-Nov-05
CSSE,377,200610,2,,,CSSE,374,UG,D,,,,,21-Jun-05
CSSE,402,201110,2,,,CSSE,332,UG,D,,,,,19-May-10
CSSE,403,201010,2,,,CSSE,304,UG,D,,,,,17-Mar-09
CSSE,404,200410,2,,,CSSE,232,UG,D,,,,,03-Jan-05
CSSE,404,200410,4,,,CSSE,304,UG,D,,A,,,03-Jan-05
CSSE,404,200410,6,,,CSSE,474,UG,D,,A,(,,03-Jan-05
CSSE,404,200410,8,,,MA,474,UG,D,,O,,),03-Jan-05
CSSE,413,200410,2,,,CSSE,220,UG,D,,,,,03-Jan-05
CSSE,413,200410,4,,,CS,220,UG,D,,O,,,03-May-05
CSSE,413,200410,6,,,CSSE,221,UG,D,,O,,,04-May-05
CSSE,413,200910,2,,,CSSE,230,UG,D,,,,,23-Jun-08
CSSE,432,200410,2,,,CSSE,220,UG,D,,,,,03-Jan-05
CSSE,432,200410,4,,,CSSE,221,UG,D,,O,,,10-Nov-05
CSSE,432,200410,6,,,CSSE,230,UG,D,,O,,,21-Jan-10
CSSE,433,200410,2,,,CSSE,333,UG,D,,,,,03-Jan-05
CSSE,442,200510,2,,,CSSE,332,UG,D,,,,,10-Dec-04
CSSE,442,200510,4,,,MA,275,UG,D,,A,(,,10-Oct-05
CSSE,442,200510,6,,,MA,215,UG,D,,O,,),10-Oct-05
CSSE,451,200410,2,,,CSSE,351,UG,D,,,,,03-Jan-05
CSSE,453,200410,2,,,CSSE,413,UG,D,,,,,03-Jan-05
CSSE,461,200410,2,,,CSSE,220,UG,D,,,(,,10-Nov-05
CSSE,461,200410,2.5,,,CS,220,UG,D,,O,,,10-Nov-05
CSSE,461,200410,3,,,CSSE,221,UG,D,,O,,),10-Nov-05
CSSE,461,200410,4,,,MA,221,UG,D,,A,,,05-Jan-05
CSSE,461,200910,2,,,CSSE,220,UG,D,,,(,,23-Jun-08
CSSE,461,200910,2.5,,,CS,220,UG,D,,O,,,23-Jun-08
CSSE,461,200910,3,,,CSSE,221,UG,D,,O,,),23-Jun-08
CSSE,461,200910,4,,,MA,221,UG,D,,A,(,,23-Jun-08
CSSE,461,200910,6,,,MA,371,UG,D,,O,,,23-Jun-08
CSSE,461,200910,8,,,MA,373,UG,D,,O,,),23-Jun-08
CSSE,461,201010,2,,,CSSE,220,UG,D,,,(,,02-Feb-10
CSSE,461,201010,2.5,,,CS,220,UG,D,,O,,,02-Feb-10
CSSE,461,201010,3,,,CSSE,221,UG,D,,O,,,02-Feb-10
CSSE,461,201010,3.5,,,CSSE,230,UG,D,,O,,),02-Feb-10
CSSE,461,201010,4,,,MA,221,UG,D,,A,(,,02-Feb-10
CSSE,461,201010,5,,,MA,212,UG,D,,O,,,02-Feb-10
CSSE,461,201010,6,,,MA,371,UG,D,,O,,,02-Feb-10
CSSE,461,201010,8,,,MA,373,UG,D,,O,,),02-Feb-10
CSSE,463,200810,2,,,MA,221,UG,D,,,,,26-Jun-07
CSSE,463,201010,2,,,MA,221,UG,D,,,,,02-Feb-10
CSSE,463,201010,4,,,MA,212,UG,D,,O,,,02-Feb-10
CSSE,473,200410,2,,,CSSE,230,UG,D,,,(,,03-May-05
CSSE,473,200410,3,,,CS,230,UG,D,,O,,),03-May-05
CSSE,473,200410,4,,,MA,375,UG,D,,A,(,,10-Oct-05
CSSE,473,200410,6,,,MA,315,UG,D,,O,,),10-Oct-05
CSSE,473,200610,2,,,CSSE,230,UG,D,,,(,,03-May-05
CSSE,473,200610,3,,,CS,230,UG,D,,O,,),03-May-05
CSSE,473,200610,4,,,MA,375,UG,D,,A,(,,03-May-05
CSSE,473,200610,6,,,MA,315,UG,D,,O,,),03-May-05
CSSE,474,200410,1,,,CSSE,230,UG,D,,,(,,10-Nov-05
CSSE,474,200410,1.5,,,CS,230,UG,D,,O,,),10-Nov-05
CSSE,474,200410,2,,,MA,375,UG,D,,A,(,,10-Oct-05
CSSE,474,200410,4,,,MA,315,UG,D,,O,,),10-Oct-05
CSSE,477,201210,2,,,CSSE,374,UG,D,,,,,26-Aug-11
CSSE,479,200410,1,,,CSSE,220,UG,D,,,(,,10-Nov-05
CSSE,479,200410,1.5,,,CS,220,UG,D,,O,,,10-Nov-05
CSSE,479,200410,1.75,,,CSSE,221,UG,D,,O,,,21-Jan-10
CSSE,479,200410,1.875,,,CSSE,230,UG,D,,O,,),21-Jan-10
CSSE,479,200410,2,,,MA,275,UG,D,,A,(,,10-Nov-05
CSSE,479,200410,4,,,MA,215,UG,D,,O,,),10-Nov-05
CSSE,481,200410,2,,,CSSE,230,UG,D,,,,,05-Jan-05
CSSE,481,200410,4,,,CS,230,UG,D,,O,,,03-May-05
CSSE,487,201010,2,,,RH,330,UG,D,,,,,31-Jul-09
CSSE,488,201010,2,,,CSSE,487,UG,D,,,,,31-Jul-09
CSSE,489,201010,2,,,CSSE,488,UG,D,,,,,31-Jul-09
CSSE,494,200910,2,,,RH,330,UG,D,,,,,26-Jun-07
CSSE,495,200410,2,,,CSSE,494,UG,D,,,,,05-Jan-05
CSSE,496,200410,2,,,CSSE,495,UG,D,,,,,05-Jan-05
CSSE,497,200410,2,,,CSSE,371,,,,,,,07-Nov-05
CSSE,497,200410,4,,,CSSE,372,,,,A,,,07-Nov-05
CSSE,497,200710,2,,,CSSE,372,UG,D,,,,,27-Jun-06
CSSE,497,200910,2,,,CSSE,372,UG,D,,,,,26-Jun-07
CSSE,497,200910,4,,,RH,330,UG,D,,A,,,26-Jun-07
CSSE,497,201010,2,,,CSSE,371,UG,D,,,,,31-Jul-09
CSSE,498,200410,2,,,CSSE,497,UG,D,,,,,07-Nov-05
CSSE,498,201010,2,,,CSSE,497,UG,D,,,,,31-Jul-09
CSSE,498,201010,4,,,CSSE,374,UG,D,,A,,,31-Jul-09
CSSE,499,200410,2,,,CSSE,498,UG,D,,,,,07-Nov-05
ECE,200,200010,1,,,ES,203,UG,C,,,,,12-Feb-99
ECE,200,200010,2,,,MA,221,UG,D,,A,,,05-Jan-05
ECE,200,200610,1,,,ES,203,UG,C,,,,,21-Jun-05
ECE,200,200610,2,,,MA,221,UG,D,,A,,,21-Jun-05
ECE,203,201010,2,,,MA,111,UG,D,,,(,,06-May-09
ECE,203,201010,3,,,MA,102,UG,D,,O,,),06-May-09
ECE,203,201010,4,,,PH,112,UG,D,,A,,,19-Mar-09
ECE,204,201010,2,,,ECE,203,UG,C,Y,,,,19-Mar-09
ECE,204,201010,4,,,PH,113,UG,D,,A,,,19-Mar-09
ECE,205,201010,2,,,ECE,204,UG,D,,,(,,10-Sep-09
ECE,205,201010,3,,,ECE,200,UG,D,,O,,),10-Sep-09
ECE,205,201010,4,,,MA,222,UG,D,,A,(,,02-Feb-10
ECE,205,201010,6,,,MA,211,UG,D,,O,,),02-Feb-10
ECE,205,201210,2,,,ECE,204,UG,D,,,(,,13-Jun-11
ECE,205,201210,3,,,ECE,200,UG,D,,O,,),13-Jun-11
ECE,205,201210,4,,,MA,222,UG,D,,A,(,,13-Jun-11
ECE,205,201210,6,,,MA,211,UG,D,,O,,),13-Jun-11
ECE,206,200010,2,,,MA,221,UG,D,,,,,05-Jan-05
ECE,206,200410,2,,,MA,221,UG,D,,,,,05-Jan-05
ECE,206,201010,2,,,MA,221,UG,D,,,,,02-Feb-10
ECE,206,201010,4,,,MA,211,UG,D,,O,,,02-Feb-10
ECE,206,201210,2,,,MA,221,UG,D,,,,,13-Jun-11
ECE,206,201210,4,,,MA,211,UG,D,,O,,,13-Jun-11
ECE,207,200410,2,,,ES,205,UG,D,,,,,05-Jan-05
ECE,207,200810,2,,,ES,203,UG,D,,,,,06-Aug-07
ECE,207,201210,2,,,ES,203,UG,D,,,,,13-Jun-11
ECE,230,201010,2,,,ECE,130,UG,D,,,,,19-Mar-09
ECE,230,201010,4,,,CSSE,120,UG,D,,A,,,19-Mar-09
ECE,230,201210,2,,,ECE,130,UG,D,,,,,13-Jun-11
ECE,230,201210,4,,,CSSE,120,UG,D,,A,(,,22-Sep-11
ECE,230,201210,6,,,CSSE,221,UG,D,,O,,),22-Sep-11
ECE,250,200010,1,,,ES,203,UG,D,,,,,12-Feb-99
ECE,250,200610,1,,,ECE,200,UG,D,,,,,21-Jun-05
ECE,250,200610,3,,,MA,222,UG,D,,A,,,21-Jun-05
ECE,250,201010,1,,,ECE,204,UG,D,,,(,,30-Aug-09
ECE,250,201010,2,,,ECE,200,UG,D,,O,,),30-Aug-09
ECE,250,201010,3,,,MA,222,UG,D,,A,(,,02-Feb-10
ECE,250,201010,5,,,MA,211,UG,D,,O,,),02-Feb-10
ECE,280,200010,1,,,CS,100,UG,D,,,,,12-Feb-99
ECE,300,200010,1,,,ECE,200,UG,D,,,,,12-Feb-99
ECE,300,200010,3,,,MA,222,UG,D,,A,,,05-Jan-05
ECE,300,201010,2,,,ECE,205,UG,D,,,,,31-Jul-09
ECE,300,201010,4,,,MA,222,UG,D,,O,(,,18-Jan-10
ECE,300,201010,6,,,ECE,200,UG,D,,A,,),18-Jan-10
ECE,300,201110,2,,,ECE,205,UG,D,,,(,,02-Feb-10
ECE,300,201110,3,,,MA,211,UG,D,,A,,,02-Feb-10
ECE,300,201110,3.5,,,MA,212,UG,D,,A,,),02-Feb-10
ECE,300,201110,4,,,MA,222,UG,D,,O,(,,02-Feb-10
ECE,300,201110,6,,,ECE,200,UG,D,,A,,),02-Feb-10
ECE,300,201110,8,,,ECE,205,UG,D,,O,(,,11-Oct-10
ECE,300,201110,10,,,MA,222,UG,D,,A,,),11-Oct-10
ECE,300,201210,2,,,ECE,205,UG,D,,,(,,09-Sep-11
ECE,300,201210,3,,,MA,211,UG,D,,A,,,09-Sep-11
ECE,300,201210,3.5,,,MA,212,UG,D,,A,,),09-Sep-11
ECE,300,201210,5.5,,,ECE,205,UG,D,,O,(,,20-Oct-11
ECE,300,201210,7.5,,,MA,221,UG,D,,A,,,20-Oct-11
ECE,300,201210,9.5,,,MA,222,UG,D,,A,,),20-Oct-11
ECE,310,200010,1,,,ECE,300,UG,D,,,,,05-Jan-05
ECE,310,201010,1,,,ECE,300,UG,D,,,,,31-Jul-09
ECE,310,201010,3,,,MA,381,UG,D,,A,,,31-Jul-09
ECE,320,200010,1,,,ES,205,UG,D,,,,,05-Nov-99
ECE,320,200010,2,,,ECE,200,UG,D,,A,,,05-Nov-99
ECE,320,200810,1,,,ECE,207,UG,D,,,,,16-Jan-08
ECE,320,200810,2,,,ECE,200,UG,D,,O,,,16-Jan-08
ECE,320,201010,3,,,ECE,200,UG,D,,,(,,03-May-10
ECE,320,201010,3.5,,,ECE,207,UG,D,,O,,),03-May-10
ECE,320,201010,3.75,,,ECE,300,UG,D,,O,(,,03-May-10
ECE,320,201010,4,,,ECE,230,UG,D,,A,(,,31-Jul-09
ECE,320,201010,6,,,ME,430,UG,D,,O,,),03-May-10
ECE,320,201010,8,,,,,,,,,,),03-May-10
ECE,330,200010,1,,,ECE,130,UG,D,,,,,12-Feb-99
ECE,331,200010,1,,,CS,232,UG,D,,,(,,18-Jan-05
ECE,331,200010,1.5,,,CSSE,232,UG,D,,O,,),18-Jan-05
ECE,331,200010,2,,,ECE,333,UG,D,,A,(,,03-May-05
ECE,331,200010,4,,,ECE,330,UG,D,,O,,),03-May-05
ECE,331,200810,1,,,CS,232,UG,D,,,(,,26-Feb-08
ECE,331,200810,1.5,,,CSSE,232,UG,D,,O,,),26-Feb-08
ECE,331,200810,3.5,,,ECE,250,UG,D,,A,,,26-Feb-08
ECE,332,200010,1,,,CS,232,UG,D,,,,,05-Nov-99
ECE,332,200010,3,,,CSSE,232,UG,D,,O,,,18-Jan-05
ECE,333,200010,1,,,ECE,130,UG,D,,,,,05-Nov-99
ECE,333,200010,3,,,ECE,250,UG,D,,A,,,05-Nov-99
ECE,333,201210,1,,,ECE,130,UG,D,,,,,13-Jun-11
ECE,333,201210,3,,,ECE,250,UG,D,,A,,,13-Jun-11
ECE,333,201210,5,,,ECE,205,UG,D,,A,,,13-Jun-11
ECE,340,200010,1,,,ES,203,UG,D,,,,,05-Nov-99
ECE,340,200010,2,,,MA,222,UG,D,,A,,,05-Nov-99
ECE,340,201010,1,,,ECE,204,UG,D,,,(,,02-Feb-10
ECE,340,201010,2,,,MA,222,UG,D,,A,,),02-Feb-10
ECE,340,201010,4,,,ECE,204,UG,D,,O,(,,02-Feb-10
ECE,340,201010,6,,,MA,211,UG,D,,A,,,02-Feb-10
ECE,340,201010,8,,,MA,212,UG,D,,A,,),02-Feb-10
ECE,341,200010,1,,,ECE,340,UG,D,,,,,12-Feb-99
ECE,342,200510,2,,,ECE,200,UG,D,,,,,05-Jan-05
ECE,342,200610,2,,,ECE,300,UG,D,,,,,16-Jan-12
ECE,343,201410,2,,,ECE,300,UG,D,,,,,22-Jan-13
ECE,350,200010,1,,,ECE,200,UG,D,,,,,05-Nov-99
ECE,350,200010,2,,,ECE,330,UG,D,,A,,,05-Nov-99
ECE,351,200010,2,,,ECE,250,UG,D,,,,,05-Jan-05
ECE,351,201010,2,,,ECE,250,UG,D,,,,,31-Jul-09
ECE,351,201010,4,,,ECE,205,UG,D,,A,(,,03-May-10
ECE,351,201010,6,,,ECE,200,UG,D,,O,,),03-May-10
ECE,360,200010,1,,,ES,205,UG,D,,,,,05-Nov-99
ECE,360,200010,2,,,EC,260,UG,D,,A,,,05-Nov-99
ECE,361,200610,2,,,ECE,200,UG,D,,,,,21-Jun-05
ECE,362,000000,2,,,ECE,361,UG,D,,,,,06-Jan-05
ECE,362,200610,2,,,ECE,361,UG,D,,,,,21-Jun-05
ECE,362,200610,4,,,RH,330,UG,D,,A,,,21-Jun-05
ECE,362,200610,,,,RH,330,UG,D,,A,,,21-Jun-05
ECE,362,201010,2,,,ECE,160,UG,D,,,(,,04-May-09
ECE,362,201010,3,,,ECE,361,UG,D,,O,,),04-May-09
ECE,362,201010,4,,,ECE,250,UG,D,,A,,,19-Mar-09
ECE,362,201010,6,,,ECE,300,UG,D,,A,,,04-May-09
ECE,362,201010,8,,,ECE,340,UG,D,,A,,,31-Jul-09
ECE,362,201010,10,,,CSSE,374,UG,D,,O,(,),31-Jul-09
ECE,362,201010,12,,,EM,103,UG,D,,O,(,,31-Jul-09
ECE,362,201010,14,,,ES,205,UG,D,,A,,,31-Jul-09
ECE,362,201010,16,,,ECE,207,UG,D,,A,,),31-Jul-09
ECE,362,201010,,,,RH,330,UG,D,,A,,,19-Mar-09
ECE,370,200010,1,,,ECE,200,UG,D,,,,,06-Jan-05
ECE,370,200610,1,,,ECE,300,UG,D,,,(,,06-Oct-05
ECE,370,200610,3,,,ECE,340,UG,D,,A,,),06-Oct-05
ECE,370,200910,1,,,ECE,300,UG,D,,,(,,12-Sep-08
ECE,370,200910,3,,,ECE,340,UG,D,,A,,),12-Sep-08
ECE,370,200910,5,,,ECE,200,UG,D,Y,O,,,12-Sep-08
ECE,370,200910,7,,,ECE,204,UG,D,,O,,,12-Sep-08
ECE,370,201110,1,,,ECE,300,UG,D,,,(,,15-Jun-11
ECE,370,201110,3,,,ECE,340,UG,D,,A,,),15-Jun-11
ECE,370,201110,5,,,ECE,200,UG,D,Y,O,,,15-Jun-11
ECE,370,201110,7,,,ECE,204,UG,D,,O,,,15-Jun-11
ECE,371,201010,2,,,ECE,204,UG,D,,,,,19-Mar-09
ECE,380,200010,1,,,ECE,300,UG,D,,,,,12-Feb-99
ECE,411,200010,1,,,ECE,310,UG,D,,,,,05-Nov-99
ECE,411,200010,2,,,MA,223,UG,D,,A,,,05-Nov-99
ECE,411,200010,3,,,MA,311,UG,D,,A,,,05-Nov-99
ECE,412,200810,2,,,ECE,380,,,,,,,21-Nov-07
ECE,412,200810,4,,,ECE,310,,,,A,,,21-Nov-07
ECE,414,200010,1,,,ECE,310,UG,D,,,,,04-Aug-99
ECE,418,200510,2,,,ECE,310,UG,D,,,,,06-Jan-05
ECE,419,000000,2,,,ECE,416,UG,D,,,,,06-Jan-05
ECE,420,200010,1,,,ECE,320,UG,D,,,,,12-Feb-99
ECE,420,201210,1,,,ECE,320,UG,D,,,,,13-Jun-11
ECE,420,201210,3,,,ME,406,UG,D,,O,,,13-Jun-11
ECE,425,201110,2,,,ECE,320,UG,D,,,,,02-Nov-10
ECE,425,201110,4,,,ME,406,UG,D,,O,,,02-Nov-10
ECE,430,200010,1,,,ECE,130,UG,D,,,,,12-Feb-99
ECE,440,200010,1,,,ECE,341,UG,D,,,,,12-Feb-99
ECE,441,200010,1,,,ECE,440,UG,D,,,,,12-Feb-99
ECE,442,200610,2,,,ECE,200,UG,D,,,,,21-Jun-05
ECE,450,200010,1,,,ECE,351,UG,D,,,,,12-Feb-99
ECE,451,200010,1,,,ECE,351,UG,D,,,,,05-Nov-99
ECE,452,200810,2,,,ECE,250,UG,D,,,,,02-May-07
ECE,454,200510,2,,,ECE,351,UG,D,,,,,06-Jan-05
ECE,460,200010,1,,,ECE,362,UG,D,,,,,06-Jan-05
ECE,460,200010,3,,,ECE,360,UG,D,,O,,,19-Aug-05
ECE,460,201010,1,,,ECE,362,UG,D,,,,,19-Mar-09
ECE,461,200010,1,,,ECE,460,UG,D,,,,,12-Feb-99
ECE,461,201010,1,,,ECE,460,UG,D,,,,,19-Mar-09
ECE,461,201010,3,,,ECE,333,UG,D,,A,,,19-Mar-09
ECE,461,201010,5,,,ECE,380,UG,D,,A,,,19-Mar-09
ECE,461C,201310,2,,,CSSE,332,UG,D,,,,,14-Sep-12
ECE,461C,201310,4,,,ECE,331,UG,D,,A,,,14-Sep-12
ECE,461C,201310,6,,,ECE,332,UG,D,,A,,,14-Sep-12
ECE,461C,201310,8,,,ECE,333,UG,D,,A,,,14-Sep-12
ECE,461C,201310,10,,,ECE,342,UG,D,,A,,,14-Sep-12
ECE,461C,201310,12,,,ECE,351,UG,D,,A,,,14-Sep-12
ECE,461C,201310,14,,,ECE,380,UG,D,,A,,,14-Sep-12
ECE,461C,201310,16,,,ECE,460,UG,D,,A,,,14-Sep-12
ECE,461E,201310,2,,,ECE,310,UG,D,,,,,14-Sep-12
ECE,461E,201310,4,,,ECE,320,UG,D,,A,,,14-Sep-12
ECE,461E,201310,6,,,ECE,333,UG,D,,A,,,14-Sep-12
ECE,461E,201310,8,,,ECE,341,UG,D,,A,,,14-Sep-12
ECE,461E,201310,10,,,ECE,351,UG,D,,A,,,14-Sep-12
ECE,461E,201310,12,,,ECE,370,UG,D,,A,(,,08-Oct-12
ECE,461E,201310,14,,,ECE,371,UG,D,,O,,),08-Oct-12
ECE,461E,201310,16,,,ECE,380,UG,D,,A,,,14-Sep-12
ECE,461E,201310,18,,,ECE,460,UG,D,,A,,,14-Sep-12
ECE,462,201010,2,,,ECE,461,UG,D,,,,,19-Mar-09
ECE,462,201010,4,,,ECE,461C,UG,D,,O,,,11-Jan-13
ECE,462,201010,6,,,ECE,461E,UG,D,,O,,,11-Jan-13
ECE,470,200010,1,,,ECE,370,UG,D,,,,,12-Feb-99
ECE,471,200010,1,,,ECE,370,UG,D,,,,,12-Feb-99
ECE,472,200010,1,,,ECE,470,UG,D,,,,,04-Aug-99
ECE,480,200010,1,,,MA,222,UG,D,,,,,05-Nov-99
ECE,480,201010,1,,,MA,222,UG,D,,,,,02-Feb-10
ECE,480,201010,3,,,MA,212,UG,D,,O,,,02-Feb-10
ECE,481,200010,2,,,ECE,380,UG,D,,,,,06-Jan-05
ECE,481,200610,2,,,ECE,280,UG,D,,,,,21-Jun-05
ECE,481,200610,4,,,ECE,380,UG,D,,O,,,21-Jun-05
ECE,483,200810,2,,,ECE,380,UG,D,,,,,18-Feb-08
ECE,483,201010,2,,,ECE,380,UG,D,,,,,19-May-09
ECE,483,201010,4,,,MA,381,UG,D,,A,,,19-May-09
ECE,500,200010,1,,,ECE,200,UG,D,,,,,12-Feb-99
ECE,501,200010,1,,,ECE,500,UG,D,,,,,12-Feb-99
ECE,510,200010,1,,,ECE,130,UG,D,,,,,12-Feb-99
ECE,510,200010,2,,,ECE,310,UG,D,,A,,,12-Feb-99
ECE,510,201010,1,,,ECE,130,UG,D,,,,,31-Jul-09
ECE,510,201010,2,,,ECE,310,UG,B,,,,,31-Jul-09
ECE,510,201210,2,,,ECE,310,UG,B,,,,,15-Sep-11
ECE,511,200010,1,,,ECE,310,UG,D,,,,,05-Nov-99
ECE,511,200010,2,,,MA,381,UG,D,,A,(,,21-Jun-05
ECE,511,200010,4,,,MA,223,UG,D,,O,,),21-Jun-05
ECE,511,201010,1,,,ECE,310,UG,B,,,,,31-Jul-09
ECE,511,201010,2,,,MA,381,UG,B,,A,(,,31-Jul-09
ECE,511,201010,4,,,MA,223,UG,B,,O,,),31-Jul-09
ECE,519,000000,2,,,ECE,516,UG,D,,,,,06-Jan-05
ECE,519,000000,4,,,ECE,416,UG,D,,O,,,30-Apr-12
ECE,519,000000,6,,,ECE,516,GR,D,,O,,,30-Apr-12
ECE,520,200010,1,,,ECE,320,UG,D,,,,,12-Feb-99
ECE,520,201010,1,,,ECE,320,UG,B,,,,,31-Jul-09
ECE,520,201010,3,,,ME,406,UG,B,,O,,,31-Jul-09
ECE,521,200010,1,,,ECE,320,UG,D,,,,,12-Feb-99
ECE,521,201010,1,,,ECE,320,UG,B,,,,,31-Jul-09
ECE,521,201010,3,,,ME,406,UG,B,,O,,,31-Jul-09
ECE,530,200010,1,,,ECE,430,UG,D,,,,,12-Feb-99
ECE,530,200010,3,,,ECE,331,UG,D,,O,,,08-Oct-07
ECE,530,201010,1,,,ECE,230,UG,B,,,,,16-Nov-11
ECE,530,201010,3,,,ECE,331,UG,B,,O,,,31-Jul-09
ECE,531,200010,1,,,ECE,430,UG,D,,,,,12-Feb-99
ECE,531,201010,1,,,ECE,430,UG,B,,,,,31-Jul-09
ECE,532,200010,1,,,ECE,332,UG,D,,,,,12-Feb-99
ECE,532,200010,2,,,ECE,530,UG,D,,O,,,12-Feb-99
ECE,532,200010,3,,,ECE,531,UG,D,,A,,,12-Feb-99
ECE,532,201010,1,,,ECE,332,UG,B,,,,,31-Jul-09
ECE,532,201010,2,,,ECE,530,UG,D,,O,(,,31-Jul-09
ECE,532,201010,3,,,ECE,531,UG,D,,A,,),31-Jul-09
ECE,533,200010,1,,,ECE,330,UG,D,,,,,21-Jun-05
ECE,533,200010,3,,,ECE,333,UG,D,,O,,,21-Jun-05
ECE,533,201010,3,,,ECE,333,UG,B,,,,,31-Jul-09
ECE,534,200910,2,,,ECE,340,UG,D,,,,,20-Aug-08
ECE,534,200910,4,,,ECE,342,UG,D,,O,,,20-Aug-08
ECE,534,201010,2,,,ECE,340,UG,B,,,,,31-Jul-09
ECE,534,201010,4,,,ECE,342,UG,B,,O,,,31-Jul-09
ECE,534,201410,2,,,ECE,341,UG,B,,,,,22-Jan-13
ECE,534,201410,4,,,ECE,342,UG,B,,O,,,22-Jan-13
ECE,534,201410,6,,,ECE,343,UG,B,,O,,,22-Jan-13
ECE,535,201010,2,,,CSSE,232,UG,B,,,,,31-Jul-09
ECE,535,201010,4,,,ECE,333,UG,B,,O,,,31-Jul-09
ECE,540,200010,1,,,ECE,341,UG,D,,,,,12-Feb-99
ECE,540,201010,1,,,ECE,341,UG,B,,,,,31-Jul-09
ECE,541,000000,1,,,ECE,341,UG,D,,,,,12-Feb-99
ECE,541,200010,1,,,ECE,341,UG,D,,,,,06-Jan-05
ECE,541,201010,1,,,ECE,341,UG,B,,,,,31-Jul-09
ECE,541,201410,1,,,ECE,341,UG,B,,,,,21-Jan-13
ECE,542,000000,1,,,ECE,341,UG,D,,,,,12-Feb-99
ECE,542,200010,1,,,ECE,341,UG,D,,,,,06-Jan-05
ECE,542,201010,1,,,ECE,341,UG,B,,,,,31-Jul-09
ECE,542,201410,1,,,ECE,341,UG,B,,,,,22-Jan-13
ECE,543,000000,1,,,ECE,542,UG,D,,,,,12-Feb-99
ECE,543,200510,1,,,ECE,341,UG,D,,,,,10-Jan-05
ECE,543,201010,1,,,ECE,341,UG,B,,,,,31-Jul-09
ECE,544,000000,1,,,ECE,543,UG,D,,,,,12-Feb-99
ECE,550,200010,1,,,ECE,351,UG,D,,,,,12-Feb-99
ECE,550,201010,1,,,ECE,351,UG,B,,,,,31-Jul-09
ECE,551,200010,1,,,ECE,330,UG,D,,,(,,21-Jun-05
ECE,551,200010,4,,,ECE,333,UG,D,,O,,),21-Jun-05
ECE,551,200010,6,,,ECE,350,UG,D,,A,(,,21-Jun-05
ECE,551,200010,8,,,ECE,351,UG,D,,O,,),21-Jun-05
ECE,551,201010,4,,,ECE,333,UG,B,,,,,31-Jul-09
ECE,552,200010,1,,,ECE,551,UG,D,,,,,05-Nov-99
ECE,552,200910,1,,,ECE,351,UG,D,,,,,20-Jan-09
ECE,552,201010,1,,,ECE,351,UG,B,,,,,31-Jul-09
ECE,552,201410,1,,,ECE,351,UG,B,,,,,21-Jan-13
ECE,552,201410,3,,,ECE,380,UG,B,,A,,,21-Jan-13
ECE,553,200010,1,,,ECE,551,UG,D,,,,,05-Nov-99
ECE,553,200810,2,,,ECE,310,UG,D,,,,,08-Oct-07
ECE,553,200810,4,,,ECE,351,UG,D,,A,,,08-Oct-07
ECE,553,201010,2,,,ECE,310,UG,B,,,,,31-Jul-09
ECE,553,201010,4,,,ECE,351,UG,B,,A,,,31-Jul-09
ECE,554,200010,1,,,ECE,351,UG,D,,,,,12-Feb-99
ECE,554,200010,3,,,ECE,350,UG,D,,O,,,18-Jan-05
ECE,554,201010,1,,,ECE,351,UG,B,,,,,31-Jul-09
ECE,554,201410,1,,,ECE,351,UG,B,,,,,22-Jan-13
ECE,556,200510,2,,,ECE,351,UG,D,,,,,06-Jan-05
ECE,556,201010,2,,,ECE,351,UG,B,,,,,31-Jul-09
ECE,557,201210,2,,,ECE,300,UG,B,,,,,15-Sep-11
ECE,557,201210,4,,,ECE,351,UG,B,,A,,,15-Sep-11
ECE,570,000000,1,,,ECE,470,UG,D,,,,,12-Feb-99
ECE,571,200010,1,,,ECE,470,UG,D,,,,,12-Feb-99
ECE,580,200010,1,,,ECE,380,UG,D,,,,,06-Jan-05
ECE,580,201010,1,,,ECE,380,UG,B,,,,,31-Jul-09
ECE,580,201010,3,,,MA,381,UG,B,,A,,,31-Jul-09
ECE,581,200010,1,,,ECE,580,UG,D,Y,,,,05-Nov-99
ECE,582,200010,1,,,ECE,480,UG,D,,,,,12-Feb-99
ECE,582,201010,1,,,CSSE,220,UG,D,,,(,,02-Feb-10
ECE,582,201010,3,,,CSSE,230,UG,D,,O,,,02-Feb-10
ECE,582,201010,5,,,ME,323,UG,D,,O,,,02-Feb-10
ECE,582,201010,7,,,ECE,380,UG,D,,O,,),02-Feb-10
ECE,582,201010,9,,,MA,221,UG,D,,A,(,,02-Feb-10
ECE,582,201010,11,,,MA,212,UG,D,,O,,),02-Feb-10
ECE,583,201010,2,,,MA,381,UG,B,,,,,31-Jul-09
ECE,584,201410,2,,,ECE,300,UG,B,,,,,30-Jul-13
EE,206,200010,1,,,MA,201,UG,D,,,,,12-Feb-99
EE,207,200010,1,,,EE,206,UG,D,,,,,12-Feb-99
EE,216,000000,1,,,,,,,,,,,19-Feb-99
EE,217,000000,1,,,EE,216,UG,D,,,,,19-Feb-99
EM,120,200010,1,,,MA,111,UG,D,,,,,12-Feb-99
EM,120,200010,3,,,MA,FTC,UG,S,,O,,,19-Jan-05
EM,120,200010,5,,,MA,102,UG,D,,O,,,21-Jan-05
EM,121,200910,2,,,MA,111,UG,D,,,,,10-Apr-08
EM,121,200910,4,,,MA,102,UG,D,,O,,,10-Apr-08
EM,202,200010,1,,,MA,112,UG,D,,,(,,12-Feb-99
EM,202,200010,1.5,,,MA,FTC,UG,S,,O,,),19-Jan-05
EM,202,200010,2,,,EM,120,UG,D,,A,(,,05-Jun-09
EM,202,200010,3,,,PH,111,UG,D,,O,,),05-Jun-09
EM,202,200810,1,,,MA,112,UG,D,,,(,,26-Jun-07
EM,202,200810,1.5,,,MA,FTC,UG,S,,O,,),26-Jun-07
EM,202,200810,2,,,EM,120,UG,D,,A,(,),26-Jun-07
EM,202,200810,3,,,PH,111,UG,D,,O,,,26-Jun-07
EM,203,200010,1,,,EM,120,UG,D,,,,,12-Feb-99
EM,203,200910,1,,,EM,120,UG,D,,,,,13-Oct-08
EM,203,200910,3,,,EM,121,UG,D,,O,,,13-Oct-08
EM,204,200910,2,,,EM,120,UG,D,,,,,10-Apr-08
EM,204,200910,4,,,EM,121,UG,D,,O,,,10-Apr-08
EM,301,200010,1,,,EM,202,UG,D,,,,,12-Feb-99
EM,403,200010,1,,,EM,203,UG,D,,,,,12-Feb-99
EM,403,200910,1,,,EM,203,UG,D,,,,,10-Apr-08
EM,403,200910,3,,,EM,204,UG,D,,O,,,10-Apr-08
EM,406,200010,1,,,ES,205,UG,D,,,,,12-Feb-99
EM,501,200010,1,,,EM,301,UG,D,,,,,12-Feb-99
EM,501,200910,1,,,EM,301,UG,D,,,,,23-Jun-08
EM,501,200910,3,,,ES,202,UG,D,,O,,,23-Jun-08
EM,501,200910,5,,,ME,401,UG,D,,O,,,19-May-09
EM,501,201010,5,,,ME,401,UG,D,,,,,31-Jul-09
EM,502,200010,1,,,ES,205,UG,D,,,,,12-Feb-99
EM,503,200010,1,,,EM,406,UG,D,,,,,12-Feb-99
EM,505,200010,1,,,EM,203,UG,D,,,,,12-Feb-99
EM,505,200910,1,,,EM,203,UG,D,,,,,10-Apr-08
EM,505,200910,3,,,EM,204,UG,D,,O,,,10-Apr-08
EM,508,200010,1,,,EM,403,UG,D,,,,,12-Feb-99
EM,508,200010,2,,,MA,330,UG,D,,A,,,10-Jan-05
EMGT,462,200510,2,,,EMGT,461,GR,D,,,,,11-Jan-05
EMGT,463,200510,2,,,EMGT,462,UG,D,,,,,21-Jun-05
EMGT,521,200030,1,,,EMGT,520,GR,D,,,,,31-Jan-00
EP,280,200910,2,,,PH,113,UG,D,,,,,07-Nov-08
EP,380,200910,2,,,EP,280,UG,D,,,,,07-Nov-08
EP,406,201010,2,,,ECE,250,UG,D,,,,,25-Mar-09
EP,406,201010,4,,,PH,405,UG,D,,O,,,25-Mar-09
EP,411,201010,2,,,PH,410,UG,D,,,,,25-Mar-09
EP,411,201010,4,,,PH,410,GR,D,,O,,,25-Mar-09
EP,411,201010,6,,,EP,410,UG,D,,O,,,25-Mar-09
EP,411,201010,8,,,EP,410,GR,D,,O,,,25-Mar-09
EP,511,201010,2,,,PH,410,UG,D,,,,,25-Mar-09
EP,511,201010,4,,,PH,410,GR,D,,O,,,25-Mar-09
EP,511,201010,6,,,PH,510,UG,D,,O,,,25-Mar-09
EP,511,201010,8,,,PH,510,GR,D,,O,,,25-Mar-09
EP,511,201010,10,,,EP,410,UG,D,,O,,,25-Mar-09
EP,511,201010,12,,,EP,410,GR,D,,O,,,25-Mar-09
EP,511,201010,14,,,EP,510,UG,D,,O,,,25-Mar-09
EP,511,201010,16,,,EP,510,GR,D,,O,,,25-Mar-09
ES,201,200010,1,,,MA,113,UG,D,,,,,12-Nov-99
ES,201,200010,2,,,PH,111,UG,D,,A,,,12-Nov-99
ES,201,200610,1,,,MA,113,UG,D,,,(,,05-May-05
ES,201,200610,1.5,,,MA,FTC,UG,EX,,O,,),05-May-05
ES,201,200610,2,,,PH,111,UG,D,,A,,,05-May-05
ES,201,200610,,,,MA,FTC,UG,D,,A,,,05-May-05
ES,201,201110,1,,,MA,113,UG,D,,,(,,19-Mar-10
ES,201,201110,1.5,,,MA,FTC,UG,EX,,O,,),19-Mar-10
ES,201,201110,2,,,PH,111,UG,D,,A,,,19-Mar-10
ES,201,201110,,,,MA,FTC,UG,D,,A,,,19-Mar-10
ES,202,200010,1,,,ES,201,UG,D,,,,,12-Nov-99
ES,202,200610,1,,,ES,201,UG,C,,,,,07-Jun-05
ES,203,200010,1,,,ES,201,UG,D,,,,,12-Nov-99
ES,203,200010,3,,,PH,112,UG,D,,A,,,12-Nov-99
ES,203,200510,3,,,PH,112,UG,D,,,,,22-Feb-05
ES,203,200610,3,,,PH,113,UG,D,,,,,07-Jun-05
ES,203,200610,5,,,MA,113,UG,D,,A,(,,31-Aug-05
ES,203,200610,7,,,MA,FTC,UG,S,,O,,),31-Aug-05
ES,204,200010,1,,,ES,201,UG,D,,,,,12-Nov-99
ES,204,200610,1,,,ES,201,UG,C,,,,,07-Jun-05
ES,205,200010,1,,,MA,222,UG,D,,,,,12-Nov-99
ES,205,200010,2,,,ES,202,UG,D,,A,,,12-Nov-99
ES,205,200010,3,,,ES,203,UG,D,,A,,,12-Nov-99
ES,205,200010,4,,,ES,204,UG,D,,A,,,12-Nov-99
ES,205,200610,1,,,MA,222,UG,D,,,,,07-Jun-05
ES,205,200610,2,,,ES,202,UG,D,,A,,,07-Jun-05
ES,205,200610,3,,,ES,203,UG,C,,A,(,,12-Jan-10
ES,205,200610,3.5,,,ECE,203,UG,C,,O,,),12-Jan-10
ES,205,200610,4,,,ES,204,UG,D,,A,,,07-Jun-05
ES,205,201010,1,,,MA,222,UG,D,,,(,,02-Feb-10
ES,205,201010,1.5,,,MA,211,UG,D,,O,,),02-Feb-10
ES,205,201010,2,,,ES,202,UG,D,,A,,,02-Feb-10
ES,205,201010,3,,,ES,203,UG,C,,A,(,,02-Feb-10
ES,205,201010,3.5,,,ECE,203,UG,C,,O,,),02-Feb-10
ES,205,201010,4,,,ES,204,UG,D,,A,,,02-Feb-10
GE,112,200010,1,,,GE,111,UG,D,,,,,12-Feb-99
GE,112,200010,3,,,GE,112EL,UG,S,,O,,,19-Jan-07
GE,112,200010,5,,,GE,112EL,UG,EL,,O,,,19-May-11
GE,112,200010,7,,,GE,112EL,UG,NG,,O,,,28-Aug-11
GE,113,200010,1,,,GE,112,UG,D,,,,,12-Feb-99
GE,113,200010,3,,,GE,113EL,UG,S,,O,,,19-Jan-07
GE,113,200010,5,,,GE,113EL,UG,EL,,O,,,19-May-11
GE,113,200010,7,,,GE,113EL,UG,NG,,O,,,28-Aug-11
GE,211,200010,1,,,GE,113,UG,D,,,,,12-Feb-99
GE,211,200010,3,,,GE,211EL,UG,D,,O,,,19-Jan-07
GE,211,200010,5,,,GE,211EL,UG,EL,,O,,,19-May-11
GE,211,200010,7,,,GE,211EL,UG,NG,,O,,,28-Aug-11
GE,212,200010,1,,,GE,211,UG,D,,,,,12-Feb-99
GE,212,200010,3,,,GE,212EL,UG,S,,O,,,19-Jan-07
GE,212,200010,5,,,GE,212EL,UG,EL,,O,,,19-May-11
GE,212,200010,7,,,GE,212EL,UG,NG,,O,,,28-Aug-11
GE,213,200010,1,,,GE,212,UG,D,,,,,12-Feb-99
GE,213,200010,3,,,GE,213EL,UG,S,,O,,,19-Jan-07
GE,213,200010,5,,,GE,213EL,UG,EL,,O,,,19-May-11
GE,213,200010,7,,,GE,213EL,UG,NG,,O,,,28-Aug-11
GE,311,200010,1,,,GE,213,UG,D,,,,,12-Feb-99
GE,311,201210,,,,,,,,,,,,10-May-11
GE,312,200010,1,,,GE,311,UG,D,,,,,12-Feb-99
GE,312,200010,3,,,GE,312EL,UG,S,,O,,,19-Jan-07
GE,312,200010,5,,,GE,312EL,UG,EL,,O,,,19-May-11
GE,312,200010,7,,,GE,312EL,UG,NG,,O,,,28-Aug-11
GE,312,201210,1,,,GE,213,UG,D,,,,,10-May-11
GE,312,201210,3,,,GE,312EL,UG,NG,,O,,,15-Oct-12
GE,313,000000,1,,,GE,312,UG,D,,,,,12-Feb-99
GE,313,200010,1,,,GE,312,UG,D,,,,,19-Jan-07
GE,313,200010,3,,,GE,313EL,UG,S,,O,,,19-Jan-07
GE,313,200010,5,,,GE,313EL,UG,EL,,O,,,19-May-11
GE,313,200010,7,,,GE,313EL,UG,NG,,O,,,28-Aug-11
GE,411,200010,1,,,GE,313,UG,D,,,,,28-Aug-11
GE,411,200410,1,,,GE,313,UG,D,,,,,19-Jan-07
GE,411,200410,3,,,GE,411EL,UG,NG,,O,,,15-Oct-12
GE,412,200010,1,,,GE,411,UG,D,,,,,12-Feb-99
GE,412,200010,3,,,GE,412EL,UG,S,,O,,,19-Jan-07
GE,412,200010,5,,,GE,412EL,UG,EL,,O,,,19-May-11
GE,412,201210,,,,,,,,,,,,10-May-11
GE,413,200010,1,,,GE,412,UG,D,,,,,12-Feb-99
GE,413,201210,,,,,,,,,,,,10-May-11
GEOL,270,201010,2,,,CHEM,111,UG,D,,,,,09-Nov-09
GEOL,270,201010,4,,,CHEM,112,UG,D,,O,,,09-Nov-09
GEOL,270,201010,6,,,CHEM,201,UG,D,,O,,,09-Nov-09
GEOL,270,201010,8,,,CHEM,105,UG,D,,O,,,09-Nov-09
GL,256,000000,1,,,SL,151,UG,D,,,,,12-Feb-99
GL,357,200010,1,,,SL,151,UG,D,,,,,05-Aug-99
GL,358,200010,1,,,SL,151,UG,D,,,,,12-Feb-99
GL,455,200010,1,,,SL,151,UG,D,,,,,05-Aug-99
GL,458,200410,2,,,SL,151,UG,D,,,,,13-Jan-05
GL,459,200510,2,,,SL,151,UG,D,,,,,13-Jan-05
GS,350,200610,2,,,SV,151,UG,D,,,,,04-May-09
GS,350,200610,4,,,SL,151,UG,D,,O,,,04-May-09
GS,351,200610,2,,,SL,151,UG,D,,,,,04-May-09
GS,351,200610,4,,,SV,151,UG,D,,O,,,04-May-09
GS,352,201010,2,,,SL,151,UG,D,,,,,04-May-09
GS,352,201010,4,,,SV,151,UG,D,,O,,,04-May-09
IA,346,200610,2,,,IA,246,UG,D,,,,,11-Jan-10
IA,350,200610,2,,,SV,151,UG,D,,,,,04-May-09
IA,350,200610,4,,,SL,151,UG,D,,O,,,04-May-09
IA,351,200610,2,,,SV,151,UG,D,,,,,13-Oct-09
IA,351,200610,4,,,SL,151,UG,D,,O,,,04-May-09
IA,352,200610,2,,,SL,151,UG,D,,,,,04-May-09
IA,352,200610,4,,,SV,151,UG,D,,O,,,04-May-09
IA,353,200610,2,,,SL,151,UG,D,,,,,04-May-09
IA,353,200610,4,,,SV,151,UG,D,,O,,,04-May-09
IA,450,200610,2,,,SV,151,UG,D,,,,,04-May-09
IA,450,200610,4,,,SL,151,UG,D,,O,,,04-May-09
IA,453,200610,2,,,SL,151,UG,D,,,,,04-May-09
IA,453,200610,4,,,SV,151,UG,D,,O,,,04-May-09
IA,453,201010,2,,,SL,151,UG,D,,,,,04-May-09
IA,453,201010,4,,,SV,151,UG,D,,O,,,04-May-09
IA,471,201440,2,,,BE,100,UG,D,,,,,18-Feb-14
IA,471,201440,4,,,CSSE,120,UG,D,,O,,,18-Feb-14
IA,471,201440,6,,,ME,123,UG,D,,O,,,18-Feb-14
JP,112,200010,1,,,JP,111,UG,D,,,,,12-Feb-99
JP,112,200010,3,,,JP,112EL,UG,N,,O,,,01-Sep-06
JP,112,200010,5,,,JP,112EL,UG,EL,,O,,,19-May-11
JP,112,200010,7,,,JP,112EL,UG,NG,,O,,,28-Aug-11
JP,113,200010,1,,,JP,112,UG,D,,,,,12-Feb-99
JP,113,200010,3,,,JP,113EL,UG,N,,O,,,01-Sep-06
JP,113,200010,5,,,JP,113EL,UG,EL,,O,,,19-May-11
JP,113,200010,7,,,JP,113EL,UG,NG,,O,,,28-Aug-11
JP,211,200010,1,,,JP,113,UG,D,,,,,12-Feb-99
JP,211,200010,3,,,JP,211EL,UG,N,,O,,,01-Sep-06
JP,211,200010,5,,,JP,211EL,UG,EL,,O,,,19-May-11
JP,211,200010,7,,,JP,211EL,UG,NG,,O,,,28-Aug-11
JP,212,200010,1,,,JP,211,UG,D,,,,,12-Feb-99
JP,212,200010,3,,,JP,212EL,UG,D,,O,,,01-Sep-06
JP,212,200010,5,,,JP,212EL,UG,EL,,O,,,19-May-11
JP,212,200010,7,,,JP,212EL,UG,NG,,O,,,28-Aug-11
JP,213,200010,1,,,JP,212,UG,D,,,,,12-Feb-99
JP,213,200010,3,,,JP,213EL,UG,D,,O,,,01-Sep-06
JP,213,200010,5,,,JP,213EL,UG,EL,,O,,,19-May-11
JP,213,200010,7,,,JP,213EL,UG,NG,,O,,,28-Aug-11
JP,311,200010,1,,,JP,213,UG,D,,,,,12-Feb-99
JP,312,200010,1,,,JP,311,UG,D,,,,,12-Feb-99
JP,313,200010,1,,,JP,312,UG,D,,,,,12-Feb-99
JP,411,200010,1,,,JP,313,UG,D,,,,,12-Feb-99
JP,412,200010,1,,,JP,411,UG,D,,,,,12-Feb-99
JP,413,200010,1,,,JP,412,UG,D,,,,,12-Feb-99
MA,102,200010,1,,,MA,101,UG,D,,,,,12-Feb-99
MA,112,200010,1,,,MA,111,UG,D,,,,,12-Feb-99
MA,112,200010,2,,,MA,102,UG,D,,O,,,12-Feb-99
MA,113,200010,1,,,MA,112,UG,D,,,,,12-Feb-99
MA,201,000000,1,,,MA,113,UG,D,,,,,12-Feb-99
MA,202,000000,1,,,MA,201,UG,D,,,,,12-Feb-99
MA,205,000000,1,,,MA,112,UG,D,,,,,12-Feb-99
MA,211,000000,1,,,MA,113,UG,D,,,,,12-Feb-99
MA,211,201110,1,,,MA,113,UG,D,,,,,31-Jul-09
MA,212,000000,1,,,MA,112,UG,D,,,,,12-Feb-99
MA,212,201110,1,,,MA,113,UG,D,,,,,31-Jul-09
MA,213,000000,1,,,MA,211,UG,D,,,,,12-Feb-99
MA,214,000000,1,,,MA,113,UG,D,,,,,12-Feb-99
MA,221,200010,1,,,MA,113,UG,D,,,,,17-May-99
MA,221,200010,3,,,MA,FTC,UG,S,,O,,,19-Jan-05
MA,222,200010,1,,,MA,221,UG,D,,,,,05-Aug-99
MA,223,200010,1,,,MA,112,UG,D,,,,,05-Aug-99
MA,223,200010,3,,,MA,FTC,UG,S,,O,,,19-Jan-05
MA,223,200210,1,,,MA,112,UG,D,,,,,13-Jan-05
MA,223,200210,3,,,MA,FTC,UG,S,,O,,,03-May-05
MA,227,200010,1,,,MA,113,UG,D,,,,,05-Aug-99
MA,275,200710,2,,,MA,112,UG,D,,,,,05-Jan-07
MA,301,200010,1,,,MA,222,UG,D,,,,,08-Nov-99
MA,302,200010,1,,,MA,222,UG,D,,,,,08-Nov-99
MA,303,200010,1,,,MA,223,UG,D,,,,,08-Nov-99
MA,303,200010,2,,,MA,227,UG,D,,O,,,08-Nov-99
MA,305,200010,1,,,MA,113,UG,D,,,,,12-Feb-99
MA,306,200010,1,,,MA,113,UG,D,,,,,12-Feb-99
MA,307,200010,1,,,MA,222,UG,D,,,,,08-Nov-99
MA,308,200010,1,,,MA,222,UG,D,,,,,08-Nov-99
MA,310,200010,1,,,MA,113,UG,D,,,,,12-Feb-99
MA,311,200010,1,,,MA,113,UG,D,,,,,12-Feb-99
MA,315,200010,1,,,MA,215,UG,D,,,,,12-Feb-99
MA,321,200010,1,,,MA,221,UG,D,,,,,08-Nov-99
MA,322,200010,1,,,MA,223,UG,D,,,,,12-Nov-99
MA,322,200010,2,,,MA,311,UG,D,,O,,,08-Nov-99
MA,323,200410,2,,,MA,113,UG,D,,,,,13-Jan-05
MA,323,200410,4,,,MA,FTC,UG,S,,O,,,19-Jan-05
MA,324,000000,1,,,MA,214,UG,D,,,,,12-Feb-99
MA,325,200010,1,,,CS,220,UG,D,,,(,,18-Jan-05
MA,325,200010,1.25,,,CSSE,221,UG,D,,O,,,19-Jan-06
MA,325,200010,1.5,,,CSSE,220,UG,D,,O,,),18-Jan-05
MA,325,200010,2,,,MA,222,UG,D,,A,,,13-Jan-05
MA,325,201010,1,,,CS,220,UG,D,,,(,,02-Feb-10
MA,325,201010,1.25,,,CSSE,221,UG,D,,O,,,02-Feb-10
MA,325,201010,1.5,,,CSSE,220,UG,D,,O,,),02-Feb-10
MA,325,201010,2,,,MA,222,UG,D,,A,(,,02-Feb-10
MA,325,201010,4,,,MA,212,UG,D,,O,,),02-Feb-10
MA,327,200510,2,,,MA,113,UG,D,,,,,13-Jan-05
MA,327,200510,4,,,MA,FTC,UG,D,,O,,,07-Nov-05
MA,330,200510,2,,,MA,113,UG,D,,,,,13-Jan-05
MA,330,200510,4,,,MA,FTC,UG,S,,O,,,19-Jan-05
MA,331,200010,1,,,MA,221,UG,D,,,,,08-Nov-99
MA,332,201010,2,,,MA,222,UG,D,,,,,27-Apr-09
MA,332,201010,4,,,MA,212,UG,D,,O,,,02-Feb-10
MA,333,200810,2,,,MA,221,UG,D,,,,,26-Jun-07
MA,335,201010,2,,,MA,221,UG,D,,,,,24-Sep-09
MA,335,201010,4,,,MA,212,UG,D,,O,,,02-Feb-10
MA,336,200510,2,,,MA,222,UG,D,,,,,13-Jan-05
MA,336,201010,2,,,MA,222,UG,D,,,,,02-Feb-10
MA,336,201010,4,,,MA,211,UG,D,,O,(,,02-Feb-10
MA,336,201010,6,,,MA,212,UG,D,,A,,),02-Feb-10
MA,341,200510,2,,,MA,222,UG,D,,,,,13-Jan-05
MA,341,201010,2,,,MA,222,UG,D,,,,,02-Feb-10
MA,341,201010,4,,,MA,211,UG,D,,O,(,,02-Feb-10
MA,341,201010,6,,,MA,212,UG,D,,A,,),02-Feb-10
MA,342,201010,2,,,MA,332,UG,D,,,,,27-Apr-09
MA,342,201210,2,,,MA,212,UG,D,,,,,13-Jun-11
MA,342,201210,4,,,CHE,310,UG,D,,A,(,,13-Jun-11
MA,342,201210,6,,,CE,310,UG,D,,O,,,13-Jun-11
MA,342,201210,8,,,MA,332,UG,D,,O,,,13-Jun-11
MA,342,201210,10,,,ME,323,UG,D,,O,,),13-Jun-11
MA,348,200410,2,,,MA,222,UG,D,,,,,13-Jan-05
MA,348,201010,2,,,MA,222,UG,D,,,,,02-Feb-10
MA,348,201010,4,,,MA,212,UG,D,,O,,,02-Feb-10
MA,366,200510,2,,,MA,275,UG,D,,,,,13-Jan-05
MA,366,200510,4,,,MA,215,UG,D,,O,,,13-Jan-05
MA,366,200810,2,,,MA,275,UG,D,,,,,26-Jun-07
MA,366,200810,4,,,MA,113,UG,D,,A,(,,26-Jun-07
MA,366,200810,6,,,MA,FTC,UG,S,,O,,),26-Jun-07
MA,367,200510,2,,,MA,113,UG,D,,,,,13-Jan-05
MA,367,200510,4,,,MA,FTC,UG,S,,O,,,19-Jan-05
MA,367,200810,2,,,MA,221,UG,D,,,,,26-Jun-07
MA,367,201010,2,,,MA,221,UG,D,,,,,02-Feb-10
MA,367,201010,4,,,MA,212,UG,D,,O,,,02-Feb-10
MA,371,200010,1,,,MA,221,UG,D,,,,,17-May-99
MA,371,201010,1,,,MA,221,UG,D,,,,,02-Feb-10
MA,371,201010,3,,,MA,212,UG,D,,O,,,02-Feb-10
MA,373,200010,1,,,MA,221,UG,D,,,,,17-May-99
MA,373,201010,1,,,MA,221,UG,D,,,,,02-Feb-10
MA,373,201010,3,,,MA,212,UG,D,,O,,,02-Feb-10
MA,375,200510,2,,,MA,275,UG,D,,,,,13-Jan-05
MA,375,200510,4,,,MA,215,UG,D,,O,,,13-Jan-05
MA,376,200410,2,,,MA,275,UG,D,,,,,13-Jan-05
MA,376,200410,4,,,MA,215,UG,D,,O,,,13-Jan-05
MA,381,200410,2,,,MA,113,UG,D,,,,,13-Jan-05
MA,381,200610,2,,,MA,113,UG,D,,,,,05-May-05
MA,381,200610,4,,,MA,FTC,UG,EX,,O,,,05-May-05
MA,381,200610,,,,MA,FTC,UG,EX,,O,,,05-May-05
MA,382,200610,2,,,MA,381,UG,D,,,,,07-Jun-05
MA,383,200110,1,,,MA,223,UG,D,,,,,14-Mar-00
MA,383,200110,2,,,MA,227,UG,D,,O,,,14-Mar-00
MA,383,200110,3,,,MA,311,UG,D,,O,,,14-Mar-00
MA,383,200510,1,,,MA,223,UG,D,,,,,13-Jan-05
MA,383,200510,2,,,MA,227,UG,D,,O,,,13-Jan-05
MA,383,200510,3,,,MA,311,UG,D,,O,,,13-Jan-05
MA,383,200510,5,,,MA,381,UG,D,,O,,,13-Jan-05
MA,383,200510,,,,MA,381,UG,D,,O,,,13-Jan-05
MA,383,200610,1,,,MA,223,UG,D,,,,,07-Jun-05
MA,383,200610,5,,,MA,382,UG,D,,O,,,07-Jun-05
MA,383,200610,,,,MA,381,UG,D,,O,,,07-Jun-05
MA,385,200510,2,,,MA,223,UG,D,,,,,13-Jan-05
MA,385,200510,4,,,MA,381,UG,D,,O,,,13-Jan-05
MA,385,200510,6,,,MA,227,UG,D,,O,,,13-Jan-05
MA,385,200910,2,,,MA,223,UG,D,,,,,23-Jun-08
MA,385,200910,4,,,MA,382,UG,D,,O,,,23-Jun-08
MA,386,200910,2,,,MA,223,UG,D,,,,,27-Jun-08
MA,386,200910,4,,,MA,382,UG,D,,O,,,27-Jun-08
MA,387,200910,2,,,MA,223,UG,D,,,,,27-Jun-08
MA,387,200910,4,,,MA,382,UG,D,,O,,,27-Jun-08
MA,406,200010,1,,,MA,223,UG,D,,,,,08-Nov-99
MA,406,200010,2,,,MA,227,UG,D,,O,,,08-Nov-99
MA,406,200010,3,,,MA,311,UG,D,,O,,,12-Feb-99
MA,407,200010,1,,,MA,406,UG,D,,,,,12-Feb-99
MA,411,200010,1,,,MA,223,UG,D,,,,,08-Nov-99
MA,411,200010,2,,,MA,227,UG,D,,O,,,08-Nov-99
MA,411,200010,3,,,MA,311,UG,D,,O,,,12-Feb-99
MA,413,000000,1,,,MA,202,UG,D,,,,,12-Feb-99
MA,413,000000,2,,,MA,213,UG,D,,O,,,12-Feb-99
MA,414,000000,1,,,MA,413,UG,D,,,,,12-Feb-99
MA,415,200010,1,,,MA,315,UG,D,,,,,12-Feb-99
MA,416,200010,1,,,MA,315,UG,D,,,,,12-Feb-99
MA,421,201210,2,,,MA,330,UG,D,,,,,13-Jun-11
MA,422,200010,1,,,MA,223,UG,D,,,,,08-Nov-99
MA,422,200010,2,,,MA,227,UG,D,,O,,,08-Nov-99
MA,422,200010,3,,,MA,311,UG,D,,O,,,12-Feb-99
MA,422,200010,4,,,MA,411,UG,D,,O,,,12-Feb-99
MA,423,200410,2,,,MA,371,UG,D,,,,,13-Jan-05
MA,423,200410,4,,,MA,373,UG,D,,O,,,13-Jan-05
MA,423,201210,2,,,MA,371,UG,D,,,,,13-Jun-11
MA,423,201210,4,,,MA,373,UG,D,,O,,,13-Jun-11
MA,431,200410,2,,,MA,330,UG,D,,,,,13-Jan-05
MA,433,200010,1,,,MA,222,UG,D,,,,,05-Aug-99
MA,433,201010,1,,,MA,222,UG,D,,,,,02-Feb-10
MA,433,201010,3,,,MA,212,UG,D,,O,,,02-Feb-10
MA,434,200010,1,,,MA,222,UG,D,,,,,05-Aug-99
MA,434,200410,1,,,MA,433,UG,D,,,,,13-Jan-05
MA,435,201310,2,,,MA,332,UG,D,,,,,20-Mar-12
MA,435,201310,4,,,MA,371,UG,D,,O,,,20-Mar-12
MA,435,201310,6,,,MA,373,UG,D,,O,,,20-Mar-12
MA,435,201310,8,,,MA,433,UG,D,,O,,,20-Mar-12
MA,436,200410,2,,,MA,330,UG,D,,,,,13-Jan-05
MA,436,200810,2,,,MA,366,UG,D,,,,,26-Jun-07
MA,436,201110,4,,,MA,330,UG,D,,,,,06-May-10
MA,439,200410,2,,,MA,222,UG,D,,,,,13-Jan-05
MA,439,201010,2,,,MA,222,UG,D,,,,,02-Feb-10
MA,439,201010,4,,,MA,212,UG,D,,O,,,02-Feb-10
MA,444,200010,1,,,MA,221,UG,D,,,,,08-Nov-99
MA,444,200010,2,,,MA,371,UG,D,,O,,,08-Nov-99
MA,444,200010,3,,,MA,373,UG,D,,O,,,08-Nov-99
MA,444,201010,1,,,MA,221,UG,D,,,,,02-Feb-10
MA,444,201010,1.5,,,MA,212,UG,D,,O,,,02-Feb-10
MA,444,201010,2,,,MA,371,UG,D,,O,,,02-Feb-10
MA,444,201010,3,,,MA,373,UG,D,,O,,,02-Feb-10
MA,444,201210,1,,,MA,221,UG,D,,,(,,13-Jun-11
MA,444,201210,1.5,,,MA,212,UG,D,,O,,),13-Jun-11
MA,444,201210,2,,,MA,371,UG,D,,A,(,,13-Jun-11
MA,444,201210,3,,,MA,373,UG,D,,O,,),13-Jun-11
MA,445,200010,1,,,MA,223,UG,D,,,,,08-Nov-99
MA,445,200010,2,,,MA,227,UG,D,,O,,,08-Nov-99
MA,445,200010,3,,,MA,311,UG,D,,O,,,12-Feb-99
MA,445,200010,5,,,MA,381,UG,D,,O,,,13-Jan-05
MA,446,200310,2,,,MA,375,UG,D,,,,,13-Jan-05
MA,446,200310,4,,,MA,315,UG,D,,O,,,10-Oct-05
MA,461,200410,2,,,MA,366,UG,D,,,,,13-Jan-05
MA,466,200310,2,,,MA,366,UG,D,,,,,18-Jan-05
MA,466,200310,4,,,MA,306,UG,D,,O,,,18-Jan-05
MA,466,200410,2,,,MA,366,UG,D,,,,,13-Jan-05
MA,466,200410,4,,,MA,306,UG,D,,O,,,18-Jan-05
MA,471,200010,1,,,MA,371,UG,D,,,,,08-Nov-99
MA,471,200010,2,,,MA,373,UG,D,,O,,,08-Nov-99
MA,473,200410,2,,,CSSE,230,UG,D,,,(,,18-Jan-05
MA,473,200410,3,,,CS,230,UG,D,,O,,),18-Jan-05
MA,473,200410,4,,,MA,375,UG,D,,A,(,,13-Jan-05
MA,473,200410,6,,,MA,315,UG,D,,O,,),13-Jan-05
MA,474,200410,2,,,CSSE,230,UG,D,,,(,,18-Jan-05
MA,474,200410,3,,,CS,230,UG,D,,O,,),18-Jan-05
MA,474,200410,4,,,MA,375,UG,D,,A,(,,13-Jan-05
MA,474,200410,6,,,MA,315,UG,D,,O,,),13-Jan-05
MA,475,200510,2,,,MA,375,UG,D,,,,,13-Jan-05
MA,475,200510,4,,,MA,315,UG,D,,O,,,13-Jan-05
MA,476,200410,2,,,MA,375,UG,D,,,,,13-Jan-05
MA,476,200410,4,,,MA,315,UG,D,,O,,,13-Jan-05
MA,477,200410,1,,,MA,375,UG,D,,,,,31-Dec-03
MA,477,200410,3,,,MA,315,UG,D,,O,,,18-Jan-05
MA,478,200710,2,,,MA,378,UG,D,,,,,23-Oct-06
MA,478,200710,4,,,MA,375,UG,D,,O,,,23-Oct-06
MA,479,200310,2,,,CSSE,220,UG,D,,,(,,18-Jan-05
MA,479,200310,2.5,,,CSSE,221,UG,D,,O,,,05-May-05
MA,479,200310,3,,,CS,220,UG,D,,O,,),18-Jan-05
MA,479,200310,4,,,MA,275,UG,D,,A,(,,13-Jan-05
MA,479,200310,6,,,MA,215,UG,D,,O,,),13-Jan-05
MA,481,200010,1,,,MA,311,UG,D,,,,,05-Aug-99
MA,481,200010,3,,,MA,381,UG,D,,O,,,13-Jan-05
MA,481,200610,1,,,MA,311,UG,D,,,,,07-Jun-05
MA,481,200610,3,,,MA,381,UG,D,,O,,,07-Jun-05
MA,481,200610,5,,,MA,382,UG,D,,O,,,07-Nov-05
MA,481,200610,,,,MA,382,UG,D,,O,,,07-Jun-05
MA,482,200410,2,,,MA,223,UG,D,,,,,13-Jan-05
MA,482,200410,4,,,MA,381,UG,D,,O,,,13-Jan-05
MA,482,200410,6,,,MA,311,UG,,,O,,,13-Jan-05
MA,482,200610,2,,,MA,223,UG,D,,,,,07-Nov-05
MA,482,200610,4,,,MA,381,UG,D,,O,,,07-Nov-05
MA,482,200610,6,,,MA,311,UG,D,,O,,,07-Nov-05
MA,482,200610,8,,,MA,382,UG,D,,O,,,07-Nov-05
MA,485,200110,1,,,MA,223,UG,D,,,,,14-Mar-00
MA,485,200110,2,,,MA,227,UG,D,,O,,,14-Mar-00
MA,485,200110,3,,,MA,311,UG,D,,O,,,14-Mar-00
MA,485,200110,5,,,MA,381,UG,D,,O,,,13-Jan-05
MA,485,200610,1,,,MA,223,UG,D,,,,,07-Nov-05
MA,485,200610,2,,,MA,227,UG,D,,O,,,07-Nov-05
MA,485,200610,3,,,MA,311,UG,D,,O,,,07-Nov-05
MA,485,200610,5,,,MA,381,UG,D,,O,,,07-Nov-05
MA,485,200610,,,,MA,385,UG,D,,O,,,07-Nov-05
MA,485,200910,1,,,MA,221,UG,D,,,,,23-Jun-08
MA,485,200910,2,,,MA,223,UG,D,,A,(,,23-Jun-08
MA,485,200910,5,,,MA,382,UG,D,,O,,),23-Jun-08
MA,485,200910,,,,MA,385,UG,D,,O,,,23-Jun-08
MA,485,201010,1,,,MA,221,UG,D,,,(,,02-Feb-10
MA,485,201010,1.5,,,MA,212,UG,D,,O,,),02-Feb-10
MA,485,201010,2,,,MA,223,UG,D,,A,(,,02-Feb-10
MA,485,201010,5,,,MA,382,UG,D,,O,,),02-Feb-10
MA,485,201010,,,,MA,385,UG,D,,O,,,02-Feb-10
MA,487,200110,1,,,MA,223,UG,D,,,,,14-Mar-00
MA,487,200110,2,,,MA,227,UG,D,,O,,,14-Mar-00
MA,487,200110,3,,,MA,311,UG,D,,O,,,14-Mar-00
MA,487,200110,5,,,MA,381,UG,D,,O,,,13-Jan-05
MA,487,200610,1,,,MA,223,UG,D,,,,,07-Nov-05
MA,487,200610,2,,,MA,227,UG,D,,O,,,07-Nov-05
MA,487,200610,3,,,MA,311,UG,D,,O,,,07-Nov-05
MA,487,200610,5,,,MA,381,UG,D,,O,,,07-Nov-05
MA,487,200610,,,,MA,382,UG,D,,O,,,07-Nov-05
MA,493,200610,2,,,MA,492,UG,D,,,,,17-Nov-05
MA,494,200610,2,,,MA,493,UG,D,,,,,17-Nov-05
MA,497,200610,2,,,MA,496,UG,D,,,,,17-Nov-05
MA,498,200610,2,,,MA,497,UG,D,,,,,17-Nov-05
MA,505,200010,1,,,MA,311,UG,D,,,,,12-Feb-99
MA,507,200010,1,,,MA,406,UG,D,,,,,12-Feb-99
MA,512,200010,1,,,MA,307,UG,D,,,,,12-Feb-99
MA,513,200010,1,,,MA,306,UG,D,,,,,22-Feb-99
MA,515,200010,1,,,MA,305,UG,D,,,,,22-Feb-99
MA,518,200010,1,,,MA,310,UG,D,,,,,25-Feb-99
MA,519,200010,1,,,MA,305,UG,D,,,,,25-Feb-99
MA,520,200010,1,,,MA,315,UG,D,,,,,25-Feb-99
MA,521,200010,1,,,MA,520,UG,D,,,,,12-Feb-99
MA,530,200010,1,,,MA,415,UG,D,,,,,12-Feb-99
MA,580,200510,2,,,MA,381,UG,D,,,,,13-Jan-05
MA,581,200510,2,,,MA,223,UG,D,,,,,13-Jan-05
MA,581,200510,4,,,MA,381,UG,D,,O,,,13-Jan-05
ME,201,200010,2,,,MA,112,UG,D,,,,,13-Jan-05
ME,201,200010,4,,,MA,FTC,UG,S,,O,,,10-Oct-05
ME,204,200010,1,,,EM,202,UG,D,,,,,12-Feb-99
ME,204,200010,2,,,ES,204,UG,D,,O,,,12-Feb-99
ME,301,200010,1,,,ES,202,UG,D,,,,,12-Feb-99
ME,301,200010,2,,,ME,201,UG,D,,O,,,12-Feb-99
ME,302,200010,1,,,MA,222,UG,D,,,(,),13-Jan-05
ME,302,200010,2,,,ES,202,UG,D,,A,(,,13-Jan-05
ME,302,200010,3,,,CHE,301,UG,D,,O,,,18-Jan-05
ME,302,200010,5,,,EM,301,UG,D,,O,,),18-Jan-05
ME,302,201110,1,,,MA,222,UG,D,,,(,,19-Mar-10
ME,302,201110,1.5,,,MA,211,UG,D,,O,,),19-Jan-11
ME,302,201110,2,,,ES,202,UG,D,,A,(,,19-Mar-10
ME,302,201110,3,,,CHE,301,UG,D,,O,,,19-Mar-10
ME,302,201110,5,,,EM,301,UG,D,,O,,),19-Mar-10
ME,303,200010,1,,,ES,204,UG,D,,,,,12-Feb-99
ME,304,200010,1,,,ME,303,UG,D,,,,,12-Feb-99
ME,305,200010,1,,,ES,202,UG,D,,,,,12-Feb-99
ME,317,000000,2,,,EM,104,UG,D,,,,,13-Jan-05
ME,318,200010,1,,,ME,328,UG,D,,,,,12-Feb-99
ME,319,200010,1,,,ME,328,UG,D,,,,,12-Feb-99
ME,320,200010,1,,,ME,328,UG,D,,,,,12-Feb-99
ME,321,200910,2,,,ECE,207,UG,D,,,,,05-Dec-08
ME,321,200910,4,,,MA,223,UG,D,,A,,,05-Dec-08
ME,321,201110,2,,,ECE,207,UG,D,,,,,19-May-10
ME,321,201110,4,,,MA,223,UG,D,,A,,,19-May-10
ME,321,201110,6,,,ES,205,UG,D,,A,,,19-May-10
ME,321,201410,4,,,MA,223,UG,D,,,,,22-Apr-13
ME,321,201410,6,,,ES,205,UG,D,,A,,,22-Apr-13
ME,322,200010,1,,,MA,212,UG,D,,,,,12-Feb-99
ME,323,200010,1,,,ME,123,UG,D,,,,,08-Nov-99
ME,323,200010,3,,,MA,221,UG,D,,A,,,13-Jan-05
ME,323,200610,1,,,ME,123,UG,D,,,(,,09-Oct-06
ME,323,200610,2,,,CSSE,120,UG,D,,O,,,09-Oct-06
ME,323,200610,2.5,,,CSSE,221,UG,D,,O,,),09-Oct-06
ME,323,200610,3,,,MA,221,UG,D,,A,,,21-Jun-05
ME,323,200610,5,,,MA,222,UG,D,Y,A,,,02-Feb-10
ME,323,201010,1,,,ME,123,UG,D,,,(,,02-Feb-10
ME,323,201010,2,,,CSSE,120,UG,D,,O,,,02-Feb-10
ME,323,201010,2.5,,,CSSE,221,UG,D,,O,,),02-Feb-10
ME,323,201010,3,,,MA,221,UG,D,,A,(,,02-Feb-10
ME,323,201010,5,,,MA,222,UG,D,Y,A,,),02-Feb-10
ME,323,201010,7,,,MA,212,UG,D,,O,,,02-Feb-10
ME,328,200010,1,,,CHEM,111,UG,D,,,,,13-Jan-05
ME,328,200010,3,,,CHEM,201,UG,D,,O,,,13-Jan-05
ME,328,200010,5,,,CHEM,112,UG,D,,O,,,10-Oct-05
ME,328,200010,7,,,CHEM,105,UG,D,,O,,,13-Oct-08
ME,331,200010,1,,,ME,301,UG,D,,,,,12-Feb-99
ME,385,200510,2,,,MA,223,UG,D,,,,,13-Jan-05
ME,385,200510,4,,,MA,381,UG,D,,O,,,13-Jan-05
ME,401,201010,2,,,ES,202,UG,D,,,(,,27-Apr-09
ME,401,201010,4,,,EM,301,UG,D,,O,,),27-Apr-09
ME,401,201010,6,,,MA,222,UG,D,,A,(,,19-Mar-10
ME,401,201010,8,,,MA,212,UG,D,,O,,),19-Mar-10
ME,402,200010,1,,,ME,302,UG,D,,,,,12-Feb-99
ME,403,200010,1,,,ME,302,UG,D,,,,,12-Feb-99
ME,403,201010,1,,,ES,204,UG,D,,,,,08-Jan-09
ME,403,201010,3,,,ME,323,UG,D,,A,,,08-Jan-09
ME,404,200010,1,,,ES,202,UG,D,,,,,12-Feb-99
ME,404,200010,2,,,ME,302,UG,D,,A,,,12-Feb-99
ME,405,200010,1,,,ES,202,UG,D,,,,,12-Feb-99
ME,406,200010,1,,,ES,205,UG,D,,,,,12-Feb-99
ME,407,200010,1,,,ME,301,UG,D,,,,,12-Feb-99
ME,408,200010,1,,,ES,202,UG,D,,,,,12-Feb-99
ME,409,200010,1,,,ES,202,UG,D,,,,,12-Feb-99
ME,409,200010,2,,,ME,302,UG,D,,A,,,12-Feb-99
ME,410,200010,1,,,ES,202,UG,D,,,,,12-Feb-99
ME,411,200010,1,,,ME,301,UG,D,,,,,12-Feb-99
ME,415,200010,1,,,ME,328,UG,D,,,,,12-Feb-99
ME,415,200010,2,,,CHE,362,UG,D,,O,,,12-Feb-99
ME,417,200010,1,,,ME,328,UG,D,,,,,12-Feb-99
ME,417,200010,2,,,EM,203,UG,D,,A,,,12-Feb-99
ME,417,200910,1,,,ME,328,UG,D,,,,,10-Apr-08
ME,417,200910,2,,,EM,203,UG,D,,A,(,,10-Apr-08
ME,417,200910,4,,,EM,204,UG,D,,O,,),10-Apr-08
ME,419,200310,2,,,ME,416,UG,D,,,,,13-Jan-05
ME,419,200310,4,,,ME,416,GR,D,,O,,,13-Jan-05
ME,421,200010,1,,,ME,311,UG,D,,,,,12-Feb-99
ME,421,200710,1,,,ME,311,UG,D,,,(,,03-May-11
ME,421,200710,3,,,ME,321,UG,D,,O,,),03-May-11
ME,421,200710,5,,,RH,330,UG,D,,A,,,03-May-11
ME,421,200710,,,,RH,330,UG,D,,A,,,06-Apr-06
ME,422,201410,2,,,EM,204,UG,D,,,,,21-Jan-13
ME,424,200010,1,,,ES,202,UG,D,,,,,12-Feb-99
ME,425,200010,1,,,ES,202,UG,D,,,,,12-Feb-99
ME,426,200010,2,,,ES,202,UG,D,,,,,13-Jan-05
ME,426,200010,4,,,ES,205,UG,D,,A,,,13-Jan-05
ME,426,201210,4,,,ES,205,UG,D,,,,,08-Dec-10
ME,427,200010,1,,,ME,301,UG,D,,,,,08-Nov-99
ME,427,200010,2,,,ES,202,UG,D,,O,,,13-Jan-05
ME,427,200610,2,,,ES,202,UG,D,,,,,07-Jun-05
ME,427,200610,4,,,ME,323,UG,D,,A,,,07-Jun-05
ME,430,200010,1,,,ECE,207,UG,D,,,,,13-Jan-05
ME,430,200010,2,,,ME,323,UG,D,,O,,,15-Feb-99
ME,430,200610,1,,,ECE,207,UG,D,,,(,,02-May-06
ME,430,200610,1.25,,,ECE,200,UG,D,,O,,,08-Oct-07
ME,430,200610,1.5,,,ECE,250,UG,D,,O,,),02-May-06
ME,430,200610,2,,,ME,323,UG,D,,A,,,07-Nov-05
ME,430,201010,1,,,ECE,207,UG,D,,,(,,02-Feb-10
ME,430,201010,1.25,,,ECE,204,UG,D,,O,,,02-Feb-10
ME,430,201010,1.5,,,ECE,200,UG,D,,O,,,02-Feb-10
ME,430,201010,1.75,,,ECE,250,UG,D,,O,,),02-Feb-10
ME,430,201010,2,,,ME,323,UG,D,,A,(,,02-Feb-10
ME,430,201010,4,,,CSSE,220,UG,D,,O,,,02-Feb-10
ME,430,201010,5,,,CSSE,221,UG,D,,O,,,11-May-10
ME,430,201010,6,,,ECE,230,UG,D,,O,,),02-Feb-10
ME,430,201410,2,,,ME,323,UG,D,,,,,22-Apr-13
ME,430,201410,4,,,CSSE,220,UG,D,,O,,,22-Apr-13
ME,430,201410,5,,,CSSE,221,UG,D,,O,,,22-Apr-13
ME,430,201410,6,,,ECE,230,UG,D,,O,,,22-Apr-13
ME,435,200910,2,,,ME,430,UG,D,,,,,23-Jun-08
ME,450,000000,1,,,EM,203,UG,D,,,,,15-Feb-99
ME,450,200010,1,,,EM,203,UG,D,,,,,13-Jan-05
ME,450,200910,1,,,EM,203,UG,D,,,,,10-Apr-08
ME,450,200910,3,,,EM,204,UG,D,,O,,,10-Apr-08
ME,450,201310,2,,,ME,301,UG,D,,,,,03-Apr-12
ME,460,200010,1,,,ME,450,UG,D,,,,,15-Feb-99
ME,461,200010,1,,,ME,305,UG,D,,,,,13-Jan-05
ME,462,200010,1,,,ES,202,UG,D,,,,,15-Feb-99
ME,462,200010,2,,,ME,302,UG,D,,A,,,15-Feb-99
ME,471,200910,2,,,ME,470,UG,D,,,,,07-Nov-08
ME,471,200910,4,,,ME,480,UG,D,,A,,,07-Nov-08
ME,472,200910,2,,,ME,471,UG,D,,,,,07-Nov-08
ME,480,200910,2,,,EM,204,UG,D,,,,,07-Nov-08
ME,480,200910,4,,,ME,328,UG,D,,A,,,07-Nov-08
ME,480,201010,2,,,EM,204,UG,D,,,,,17-Mar-09
ME,480,201010,4,,,EM,203,UG,D,,O,,,04-May-09
ME,501,200010,1,,,ME,301,UG,D,,,,,15-Feb-99
ME,502,200010,1,,,ME,302,UG,D,,,,,25-Feb-99
ME,503,200010,1,,,ES,205,UG,D,,,,,15-Feb-99
ME,503,200610,1,,,ES,202,UG,D,,,,,07-Jun-05
ME,503,201010,2,,,ME,401,UG,D,,,,,31-Jul-09
ME,504,200010,1,,,ME,503,UG,D,,,,,15-Feb-99
ME,505,200410,2,,,ES,205,UG,D,,,,,13-Jan-05
ME,505,200410,4,,,MA,222,UG,D,,A,,,13-Jan-05
ME,505,201010,2,,,ES,205,UG,D,,,,,19-Mar-10
ME,505,201010,4,,,MA,222,UG,D,,A,(,,19-Mar-10
ME,505,201010,6,,,MA,212,UG,D,,O,,),19-Mar-10
ME,506,200010,1,,,ME,406,UG,D,,,,,15-Feb-99
ME,507,200010,1,,,ME,406,UG,D,,,,,15-Feb-99
ME,509,200010,1,,,ES,202,UG,D,,,,,15-Feb-99
ME,509,200010,2,,,EM,301,UG,D,,A,,,15-Feb-99
ME,510,200010,1,,,ES,202,UG,D,,,,,15-Feb-99
ME,511,200010,1,,,ES,205,UG,D,,,,,15-Feb-99
ME,511,200010,2,,,ME,323,UG,D,,A,,,15-Feb-99
ME,512,200010,1.5,,,MA,222,UG,D,,,,,13-Jan-05
ME,512,200010,2,,,EM,203,UG,D,,A,,,15-Feb-99
ME,512,200910,1.5,,,MA,222,UG,D,,,,,10-Apr-08
ME,512,200910,2,,,EM,203,UG,D,,A,(,,10-Apr-08
ME,512,200910,4,,,EM,204,UG,D,,O,,),10-Apr-08
ME,512,201010,1.5,,,MA,222,UG,D,,,(,,19-Mar-10
ME,512,201010,1.75,,,MA,212,UG,D,,O,,),19-Mar-10
ME,512,201010,2,,,EM,203,UG,D,,A,(,,19-Mar-10
ME,512,201010,4,,,EM,204,UG,D,,O,,),19-Mar-10
ME,518,200010,1,,,ME,303,UG,D,,,,,15-Feb-99
ME,518,201210,1,,,ME,403,UG,D,,,,,08-Dec-10
ME,519,200010,2,,,ME,516,UG,D,,,,,13-Jan-05
ME,519,200010,4,,,ME,516,GR,D,,O,,,13-Jan-05
ME,520,200010,1,,,ME,323,UG,D,,,,,15-Feb-99
ME,520,200910,1,,,EM,104,UG,D,,,,,23-Jun-08
ME,522,200010,1,,,ME,422,UG,D,,,,,15-Feb-99
ME,525,200010,1,,,CE,321,UG,D,,,,,15-Feb-99
ME,526,201110,2,,,ES,205,UG,D,,,,,02-Nov-10
ME,527,201310,2,,,ES,202,UG,D,,,,,20-Mar-12
ME,527,201310,4,,,ME,323,UG,D,,A,,,20-Mar-12
ME,528,200010,1,,,ME,510,UG,D,,,,,15-Feb-99
ME,536,201310,2,,,ME,406,UG,D,,,,,03-Apr-12
ME,550,201310,2,,,ME,301,UG,D,,,,,03-Apr-12
ME,550,201310,4,,,GRAD,506,GR,N,Y,O,,,03-Apr-12
ME,550,201310,6,,,GRAD,507,GR,N,Y,O,,,03-Apr-12
MS,102,201010,2,,,MS,101,UG,D,,,,,31-Aug-09
MS,103,000000,1,,,MS,101,UG,D,,,,,15-Feb-99
MS,103,000000,2,,,MS,102,UG,D,,A,,,15-Feb-99
MS,103,201010,1,,,MS,101,UG,D,,,,,31-Aug-09
MS,103,201010,2,,,MS,102,UG,D,,A,,,31-Aug-09
MS,201,201010,2,,,MS,101,UG,D,,,,,31-Aug-09
MS,201,201010,4,,,MS,102,UG,D,,A,,,31-Aug-09
MS,201,201010,6,,,MS,103,UG,D,,A,,,31-Aug-09
MS,202,201010,2,,,MS,201,UG,D,,,,,31-Aug-09
MS,203,201010,2,,,MS,201,UG,D,,,,,31-Aug-09
MS,203,201010,4,,,MS,202,UG,D,,A,,,31-Aug-09
MS,302,201010,2,,,MS,301,UG,D,,,,,31-Aug-09
MS,303,201010,2,,,MS,302,UG,D,,,,,31-Aug-09
MS,401,201010,2,,,MS,303,UG,D,,,,,31-Aug-09
MS,402,201010,2,,,MS,401,UG,D,,,,,31-Aug-09
MS,403,201010,2,,,MS,402,UG,D,,,,,31-Aug-09
OE,280,000000,2,,,PH,113,UG,D,,,,,13-Jan-05
OE,295,000000,2,,,PH,113,UG,D,,,,,13-Jan-05
OE,295,000000,4,,,MA,221,UG,D,,A,,,13-Jan-05
OE,295,200410,2,,,PH,113,UG,D,,,,,03-Feb-10
OE,295,200410,4,,,MA,221,UG,D,,A,(,,03-Feb-10
OE,295,200410,6,,,MA,212,UG,D,,O,,),12-Oct-11
OE,392,200510,2,,,PH,292,UG,D,,,,,13-Jan-05
OE,392,200510,4,,,MA,222,UG,D,,A,(,,03-Feb-10
OE,392,200510,6,,,MA,212,UG,D,,O,,),03-Feb-10
OE,393,000000,2,,,OE,295,UG,D,,,,,13-Jan-05
OE,393,000000,4,,,PH,316,UG,D,,A,,,13-Jan-05
OE,393,200910,2,,,OE,295,UG,D,,,,,23-Jun-08
OE,393,200910,4,,,PH,316,UG,D,,A,(,,23-Jun-08
OE,393,200910,6,,,ECE,341,UG,D,,O,,),23-Jun-08
OE,395,200510,2,,,OE,280,UG,D,,,,,13-Jan-05
OE,395,200510,4,,,PH,292,UG,D,,A,,,13-Jan-05
OE,415,200420,2,,,RH,330,UG,D,,,,,21-Jun-05
OE,415,200420,4,,,OE,295,UG,D,,A,,,21-Jun-05
OE,415,200910,2,,,RH,330,UG,D,Y,,,,25-Jun-08
OE,415,200910,4,,,OE,295,UG,D,,A,,,25-Jun-08
OE,416,200310,2,,,OE,415,UG,D,,,,,13-Jan-05
OE,417,200510,2,,,OE,416,UG,D,,,,,21-Jun-05
OE,435,200610,4,,,PH,113,UG,D,,,,,03-Feb-10
OE,435,200610,6,,,MA,222,UG,D,,A,(,,03-Feb-10
OE,435,200610,8,,,MA,212,UG,D,,O,,),03-Feb-10
OE,450,000000,2,,,PH,292,UG,D,,,,,13-Jan-05
OE,450,000000,4,,,MA,222,UG,D,,A,(,,03-Feb-10
OE,450,201010,2,,,PH,292,UG,D,,,,,17-Jan-11
OE,450,201010,4,,,MA,222,UG,D,,A,(,,17-Jan-11
OE,450,201010,6,,,MA,212,UG,D,,O,,),17-Jan-11
OE,480,000000,2,,,OE,280,UG,D,,,,,13-Jan-05
OE,480,200910,2,,,OE,280,UG,D,,,,,25-Jun-08
OE,480,200910,4,,,OE,360,UG,D,Y,A,,,25-Jun-08
OE,485,000000,2,,,PH,292,UG,D,,,,,13-Jan-05
OE,485,000000,4,,,PH,316,UG,D,,A,,,13-Jan-05
OE,493,200610,2,,,OE,393,UG,D,,,,,07-Nov-05
OE,493,200910,2,,,OE,393,UG,D,,,,,23-Jun-08
OE,493,200910,4,,,ECE,310,UG,D,,A,,,23-Jun-08
OE,495,000000,2,,,PH,292,UG,D,,,,,13-Jan-05
OE,520,000000,2,,,OE,295,UG,D,,,,,13-Jan-05
OE,520,000000,4,,,PH,292,UG,D,,A,,,13-Jan-05
OE,520,000000,6,,,PH,316,UG,D,,A,,,13-Jan-05
OE,535,000000,2,,,PH,113,UG,D,,,,,13-Jan-05
OE,535,000000,4,,,MA,222,UG,D,,A,,,13-Jan-05
OE,535,200410,2,,,PH,113,UG,D,,,,,03-Feb-10
OE,535,200410,4,,,MA,222,UG,D,,A,(,,03-Feb-10
OE,535,200410,6,,,MA,212,UG,D,,O,,),03-Feb-10
OE,570,201210,2,,,OE,295,UG,D,,,,,21-Jan-13
OE,570,201210,4,,,PH,292,UG,D,,A,,,21-Jan-13
OE,570,201210,6,,,PH,316,UG,D,,A,,,21-Jan-13
OE,580,200510,2,,,OE,280,UG,D,,,,,13-Jan-05
OE,585,000000,2,,,PH,292,UG,D,,,,,13-Jan-05
OE,585,000000,4,,,PH,316,UG,D,,A,,,13-Jan-05
OE,593,200310,2,,,OE,393,UG,D,,,,,07-Nov-05
OE,594,000000,2,,,OE,485,UG,D,,,,,13-Jan-05
OE,595,200310,2,,,PH,292,UG,D,,,,,13-Jan-05
PH,112,000000,1,,,PH,111,UG,D,,,,,15-Feb-99
PH,112,000000,2,,,MA,111,UG,D,,A,,,15-Feb-99
PH,112,200410,1,,,PH,111,UG,D,,,,,13-Jan-05
PH,112,200410,2,,,MA,111,UG,D,,A,(,,19-Jan-05
PH,112,200410,4,,,MA,FTC,UG,S,,O,,,21-Jan-05
PH,112,200410,6,,,MA,102,UG,D,,O,,),21-Jan-05
PH,113,000000,1,,,PH,112,UG,D,,,,,15-Feb-99
PH,113,000000,2,,,MA,112,UG,D,,A,,,15-Feb-99
PH,113,200410,1,,,PH,112,UG,D,,,,,13-Jan-05
PH,113,200410,2,,,MA,112,UG,D,,A,(,,19-Jan-05
PH,113,200410,4,,,MA,FTC,UG,S,,O,,),19-Jan-05
PH,230,200410,2,,,MA,111,UG,D,,,(,,19-Jan-05
PH,230,200410,4,,,MA,FTC,UG,S,,O,,,21-Jan-05
PH,230,200410,5,,,MA,102,UG,D,,O,,),21-Jan-05
PH,230,200410,6,,,PH,111,UG,D,,A,(,,19-Jan-05
PH,230,200410,8,,,EM,120,UG,D,,O,,),19-Jan-05
PH,231,201010,2,,,MA,111,UG,D,,,(,,03-May-10
PH,231,201010,3,,,MA,102,UG,D,,O,,),03-May-10
PH,231,201010,4,,,PH,111,UG,D,,A,(,,31-Jul-09
PH,231,201010,6,,,EM,120,UG,D,,O,,),31-Jul-09
PH,235,000000,1,,,PH,111,UG,D,,,,,25-Feb-99
PH,235,200410,1,,,PH,111,UG,D,,,,,17-Jan-05
PH,240,200410,2,,,MA,111,UG,D,,,(,,21-Jan-05
PH,240,200410,3,,,MA,FTC,UG,S,,O,,,21-Jan-05
PH,240,200410,3.5,,,MA,102,UG,D,,O,,),21-Jan-05
PH,240,200410,4,,,PH,111,UG,D,,A,(,,10-Nov-05
PH,240,200410,6,,,EM,120,UG,D,,O,,),10-Nov-05
PH,241,200910,2,,,MA,111,UG,D,,,(,,10-Oct-11
PH,241,200910,3,,,MA,102,UG,D,,O,,),10-Oct-11
PH,241,200910,4,,,PH,111,UG,D,,A,(,,25-Jun-08
PH,241,200910,6,,,EM,120,UG,D,,O,,),25-Jun-08
PH,255,000000,1,,,PH,113,UG,D,,,(,,15-Feb-99
PH,255,000000,2,,,MA,201,UG,D,,A,,),15-Feb-99
PH,255,000000,3,,,MA,211,,,,O,,,15-Feb-99
PH,255,200010,1,,,PH,112,UG,D,,,,,17-Jan-05
PH,255,200010,,,,PH,113,UG,D,,,,,08-Nov-99
PH,255,200410,4,,,PH,113,UG,D,,,,,03-Feb-10
PH,255,200410,6,,,MA,221,UG,D,,A,(,,03-Feb-10
PH,255,200410,8,,,MA,211,UG,D,Y,O,,),03-Feb-10
PH,255,201110,4,,,PH,113,UG,D,,,,,05-May-10
PH,255,201110,6,,,MA,221,UG,D,,A,(,,05-May-10
PH,255,201110,8,,,MA,211,UG,D,Y,O,,),05-May-10
PH,265,000000,1,,,PH,112,UG,D,,,(,,15-Feb-99
PH,265,000000,2,,,MA,201,UG,D,,A,,),15-Feb-99
PH,265,000000,3,,,MA,211,UG,D,,O,,,15-Feb-99
PH,265,200010,1,,,MA,221,UG,D,,,,,08-Nov-99
PH,265,200010,,,,PH,112,UG,D,,,,,08-Nov-99
PH,265,200410,1,,,PH,112,UG,D,,,,,17-Jan-05
PH,265,200410,3,,,MA,221,UG,D,,A,(,,03-Feb-10
PH,265,200410,5,,,MA,211,UG,D,,O,,),03-Feb-10
PH,265,200410,,,,PH,112,UG,D,,,,,17-Jan-05
PH,280,000000,1,,,PH,113,UG,D,,,,,15-Feb-99
PH,292,000000,1,,,PH,113,UG,D,,,,,15-Feb-99
PH,292,200410,1,,,PH,113,UG,D,,,,,17-Jan-05
PH,302,000000,1,,,PH,113,UG,D,,,,,15-Feb-99
PH,302,200410,1,,,PH,113,UG,D,,,,,17-Jan-05
PH,310,000000,1,,,PH,113,UG,D,,,,,15-Feb-99
PH,310,200410,1,,,PH,113,UG,D,,,,,17-Jan-05
PH,314,200010,1,,,PH,111,UG,D,,,,,08-Nov-99
PH,314,200010,2,,,PH,235,UG,D,,A,,,08-Nov-99
PH,314,200010,3,,,MA,222,UG,D,,A,,,08-Nov-99
PH,314,200410,2,,,PH,235,UG,D,,,,,19-Jan-05
PH,314,200410,3,,,MA,222,UG,D,,A,,,19-Jan-05
PH,314,200710,2,,,PH,111,UG,D,,,,,03-Feb-10
PH,314,200710,3,,,MA,222,UG,D,,A,(,,03-Feb-10
PH,314,200710,5,,,MA,212,UG,D,,O,,),03-Feb-10
PH,315,200010,1,,,PH,314,UG,D,,,,,08-Nov-99
PH,316,000000,1,,,PH,113,UG,D,,,(,,15-Feb-99
PH,316,000000,2,,,MA,202,UG,D,,A,,),15-Feb-99
PH,316,000000,3,,,MA,213,UG,D,,O,,,15-Feb-99
PH,316,200010,1,,,MA,222,UG,D,,,,,12-Nov-99
PH,316,200010,,,,PH,113,UG,D,,A,,,12-Nov-99
PH,316,200410,3,,,PH,113,UG,D,,,,,03-Feb-10
PH,316,200410,5,,,MA,211,UG,D,,A,(,,03-May-10
PH,316,200410,7,,,MA,212,UG,D,,A,,),03-May-10
PH,316,200410,9,,,MA,222,UG,D,,O,,,03-May-10
PH,316,200410,,,,PH,113,UG,D,,A,,,19-Jan-05
PH,317,000000,1,,,PH,316,UG,D,,,,,15-Feb-99
PH,322,000000,1,,,PH,112,UG,D,,,,,15-Feb-99
PH,322,000000,2,,,PH,265,UG,D,,O,,,15-Feb-99
PH,322,200410,1,,,PH,112,UG,D,,,,,19-Jan-05
PH,322,200410,3,,,PH,265,UG,D,,O,,,10-Nov-05
PH,325,000000,1,,,PH,255,UG,D,,,,,15-Feb-99
PH,325,000000,2,,,PH,265,UG,D,,O,,,15-Feb-99
PH,326,000000,1,,,PH,325,UG,D,,,,,15-Feb-99
PH,327,000000,1,,,PH,235,UG,D,,,,,15-Feb-99
PH,330,000000,1,,,PH,113,UG,D,,,,,15-Feb-99
PH,380,000000,1,,,PH,280,UG,D,,,,,15-Feb-99
PH,392,000000,1,,,PH,292,UG,D,,,,,15-Feb-99
PH,392,000000,2,,,MA,202,UG,D,,O,,,15-Feb-99
PH,392,000000,3,,,MA,213,UG,D,,O,,,15-Feb-99
PH,392,200010,1,,,MA,222,UG,D,,,,,09-Nov-99
PH,392,200010,,,,PH,292,UG,D,,A,,,09-Nov-99
PH,395,000000,1,,,PH,280,UG,D,,,,,15-Feb-99
PH,395,000000,2,,,PH,292,UG,D,,A,,,15-Feb-99
PH,401,000000,1,,,PH,255,UG,D,,,,,15-Feb-99
PH,401,000000,2,,,PH,113,UG,D,,O,(,,15-Feb-99
PH,401,000000,3,,,PH,265,UG,D,,A,,),15-Feb-99
PH,401,200410,1,,,PH,255,UG,D,,,,,19-Jan-05
PH,401,200410,2,,,PH,113,UG,D,,O,(,,19-Jan-05
PH,401,200410,3,,,PH,265,UG,D,,A,,),19-Jan-05
PH,402,000000,1,,,PH,401,UG,D,,,,,15-Feb-99
PH,403,000000,1,,,PH,401,UG,D,,,,,15-Feb-99
PH,404,200010,1,,,PH,113,UG,D,,,,,08-Nov-99
PH,404,200010,2,,,MA,222,UG,D,,A,,,08-Nov-99
PH,404,200410,1,,,PH,113,UG,D,,,,,03-Feb-10
PH,404,200410,2,,,MA,222,UG,D,,A,(,,03-Feb-10
PH,404,200410,4,,,MA,212,UG,D,,O,,),03-Feb-10
PH,405,000000,1,,,PH,113,UG,D,,,,,15-Feb-99
PH,405,000000,2,,,PH,265,UG,D,,O,,,15-Feb-99
PH,405,200010,1,,,PH,265,UG,D,,,,,12-Nov-99
PH,405,200010,,,,PH,113,UG,D,,O,,,12-Nov-99
PH,405,200410,2,,,PH,255,UG,D,,,,,18-Jan-05
PH,405,200410,4,,,PH,113,UG,D,,O,,,18-Jan-05
PH,405,200410,6,,,PH,265,UG,D,,O,,,18-Jan-05
PH,406,000000,1,,,PH,255,UG,D,,,,,15-Feb-99
PH,406,000000,2,,,PH,265,UG,D,,O,,,15-Feb-99
PH,406,200010,1,,,ECE,250,UG,D,,,,,12-Nov-99
PH,406,200010,,,,PH,405,UG,D,,O,,,12-Nov-99
PH,406,200410,1,,,ECE,250,UG,D,,,,,18-Jan-05
PH,406,200410,3,,,PH,405,UG,D,,O,,,18-Jan-05
PH,406,200410,,,,PH,405,UG,D,,O,,,18-Jan-05
PH,407,200010,1,,,PH,255,UG,D,,,,,09-Nov-99
PH,407,200010,2,,,PH,265,UG,D,,O,,,09-Nov-99
PH,407,200410,1,,,PH,255,UG,D,,,,,18-Jan-05
PH,407,200410,2,,,PH,265,UG,D,,O,,,18-Jan-05
PH,411,200410,2,,,PH,410,UG,D,,,,,18-Jan-05
PH,415,000000,1,,,PH,395,UG,D,,,,,15-Feb-99
PH,416,000000,1,,,PH,415,UG,D,,,,,15-Feb-99
PH,425,000000,1,,,PH,326,UG,D,,,,,15-Feb-99
PH,425,200410,1,,,PH,325,UG,D,,,,,19-Jan-05
PH,437,000000,1,,,MA,202,UG,D,,,,,15-Feb-99
PH,437,000000,2,,,MA,213,UG,D,,O,,,15-Feb-99
PH,437,200010,,,,MA,222,UG,D,,,,,09-Nov-99
PH,437,200410,2,,,MA,222,UG,D,,,,,18-Jan-05
PH,437,201010,2,,,MA,222,UG,D,,,,,02-Feb-10
PH,437,201010,4,,,MA,212,UG,D,,O,,,02-Feb-10
PH,440,000000,1,,,PH,255,UG,D,,,,,15-Feb-99
PH,440,000000,2,,,PH,265,UG,D,,O,,,15-Feb-99
PH,450,200010,1,,,PH,255,UG,D,,,(,,17-Nov-99
PH,450,200010,2,,,PH,265,UG,D,,O,,),17-Nov-99
PH,450,200010,3,,,PH,280,UG,D,,A,,,17-Nov-99
PH,450,200010,4,,,PH,292,UG,D,,A,,,17-Nov-99
PH,450,200010,5,,,MA,222,UG,D,,A,,,17-Nov-99
PH,485,000000,1,,,PH,316,UG,D,,,,,15-Feb-99
PH,485,000000,2,,,PH,292,UG,D,,A,,,15-Feb-99
PH,494,000000,1,,,PH,280,UG,D,,,,,15-Feb-99
PH,494,000000,2,,,PH,292,UG,D,,A,,,15-Feb-99
PH,494,000000,3,,,PH,316,UG,D,,A,,,15-Feb-99
PH,495,000000,1,,,PH,380,UG,D,,,,,15-Feb-99
PH,495,000000,2,,,PH,392,UG,D,,A,,,15-Feb-99
PH,505,200410,2,,,PH,113,UG,D,,,,,19-Jan-05
PH,505,200410,4,,,PH,255,UG,D,,O,,,19-Jan-05
PH,505,200410,6,,,PH,265,UG,D,,O,,,19-Jan-05
PH,506,200410,2,,,PH,405,UG,D,,,,,10-Nov-05
PH,506,200410,4,,,ECE,250,UG,D,,O,,,19-Jan-05
PH,511,200410,2,,,PH,410,UG,D,,,,,19-Jan-05
PH,511,200410,4,,,PH,510,UG,D,,O,,,19-Jan-05
PH,520,200010,1,,,PH,280,UG,D,,,,,09-Nov-99
PH,520,200010,2,,,PH,292,UG,D,,A,,,09-Nov-99
PH,520,200010,3,,,PH,316,UG,D,,A,,,09-Nov-99
PH,530,000000,1,,,PH,404,UG,D,,,,,15-Feb-99
PH,535,000000,1,,,PH,113,UG,D,,,,,15-Feb-99
PH,535,000000,2,,,MA,202,UG,D,,O,,,15-Feb-99
PH,535,000000,3,,,MA,213,UG,D,,O,,,15-Feb-99
PH,535,200010,1,,,MA,222,UG,D,,,,,12-Nov-99
PH,535,200010,,,,PH,113,UG,D,,A,,,12-Nov-99
PH,537,000000,1,,,PH,437,UG,D,,,,,15-Feb-99
PH,537,201010,1,,,CSSE,220,UG,D,,,(,,02-Feb-10
PH,537,201010,3,,,CSSE,230,UG,D,,O,,,02-Feb-10
PH,537,201010,5,,,ME,323,UG,D,,O,,,02-Feb-10
PH,537,201010,7,,,ECE,380,UG,D,,O,,),02-Feb-10
PH,537,201010,9,,,MA,221,UG,D,,A,(,,02-Feb-10
PH,537,201010,11,,,MA,212,UG,D,,O,,),02-Feb-10
PH,570,000000,1,,,PH,280,UG,D,,,,,15-Feb-99
PH,570,000000,2,,,PH,292,UG,D,,A,,,15-Feb-99
PH,570,000000,3,,,PH,316,UG,D,,A,,,15-Feb-99
PH,580,000000,1,,,PH,380,UG,D,,,,,15-Feb-99
PH,580,000000,2,,,PH,292,UG,D,,A,,,15-Feb-99
PH,592,000000,1,,,PH,380,UG,D,,,,,15-Feb-99
PH,592,000000,2,,,PH,292,UG,D,,A,,,15-Feb-99
PH,592,000000,3,,,PH,450,UG,D,,A,,,15-Feb-99
PH,594,000000,1,,,PH,485,UG,D,,,,,15-Feb-99
RH,330,200510,2,,,RH,131,UG,D,,,,,13-Jan-05
RH,330,200510,4,,,RH,EXMPT,UG,EX,,O,,,28-Aug-05
RH,330,200510,6,,,RH,EXMPT,UG,NG,,O,,,16-Aug-13
RH,346,200010,1,,,RH,246,UG,D,,,,,12-Feb-99
RH,351,200410,2,,,SL,151,UG,D,,,,,13-Jan-05
ROBO,410,201010,2,,,ECE,362,UG,D,,,(,,15-Jun-09
ROBO,410,201010,4,,,ME,430,UG,D,Y,A,,),15-Jun-09
ROBO,410,201010,6,,,ME,430,UG,D,Y,O,(,,15-Jun-09
ROBO,410,201010,8,,,ME,470,UG,D,Y,A,,),15-Jun-09
ROBO,410,201010,10,,,RH,330,UG,D,,O,(,,15-Jun-09
ROBO,410,201010,12,,,CSSE,374,UG,D,,A,,,15-Jun-09
ROBO,410,201010,14,,,ME,430,UG,D,,A,,),15-Jun-09
ROBO,420,201010,2,,,ROBO,410,UG,D,,,,,15-Jun-09
ROBO,430,201010,2,,,ROBO,420,UG,D,,,,,15-Jun-09
SL,272,200010,1,,,SL,171,UG,D,,,,,12-Feb-99
SL,350,200010,1,,,SL,151,UG,D,,,,,12-Feb-99
SL,351,200010,1,,,SL,151,UG,D,,,,,12-Feb-99
SL,354,200010,1,,,SL,151,UG,D,,,,,05-Aug-99
SL,355,200010,1,,,SL,151,UG,D,,,,,08-Nov-99
SL,356,200010,2,,,SL,151,UG,D,,,,,13-Jan-05
SL,372,200010,1,,,SL,171,UG,D,,,,,12-Feb-99
SL,375,200010,1,,,SL,171,UG,D,,,,,12-Feb-99
SL,375,200210,1,,,SL,171,UG,D,,,,,13-Jan-05
SL,451,200010,1,,,SL,151,UG,D,,,,,12-Feb-99
SL,452,200010,1,,,SL,151,UG,D,,,,,12-Feb-99
SL,454,000000,1,,,SL,151,UG,D,,,,,12-Feb-99
SL,455,000000,1,,,SL,151,UG,D,,,,,12-Feb-99
SP,112,200010,1,,,SP,111,UG,D,,,,,12-Feb-99
SP,112,200010,3,,,SP,112EL,UG,N,,O,,,01-Sep-06
SP,112,200010,5,,,SP,112EL,UG,EL,,O,,,19-May-11
SP,112,200010,7,,,SP,112EL,UG,NG,,O,,,28-Aug-11
SP,113,200010,1,,,SP,112,UG,D,,,,,12-Feb-99
SP,113,200010,3,,,SP,113EL,UG,N,,O,,,01-Sep-06
SP,113,200010,5,,,SP,113EL,UG,EL,,O,,,19-May-11
SP,113,200010,7,,,SP,113EL,UG,NG,,O,,,28-Aug-11
SP,211,200010,1,,,SP,113,UG,D,,,,,12-Feb-99
SP,211,200010,3,,,SP,211EL,UG,D,,O,,,01-Sep-06
SP,211,200010,5,,,SP,211EL,UG,EL,,O,,,19-May-11
SP,211,200010,7,,,SP,211EL,UG,NG,,O,,,16-Nov-11
SP,212,200010,1,,,SP,211,UG,D,,,,,12-Feb-99
SP,212,200010,3,,,SP,212EL,UG,N,,O,,,01-Sep-06
SP,212,200010,5,,,SP,212EL,UG,EL,,O,,,19-May-11
SP,212,200010,7,,,SP,212EL,UG,NG,,O,,,28-Aug-11
SP,213,200010,1,,,SP,212,UG,D,,,,,20-Jan-06
SP,213,200010,3,,,SP,213EL,UG,N,,O,,,01-Sep-06
SP,213,200010,5,,,SP,213EL,UG,EL,,O,,,19-May-11
SP,213,200010,7,,,SP,213EL,UG,NG,,O,,,28-Aug-11
SV,350,200610,2,,,SV,151,UG,D,,,,,04-May-09
SV,350,200610,4,,,SL,151,UG,D,,O,,,04-May-09
SV,351,200610,2,,,SV,151,UG,D,,,,,04-May-09
SV,351,200610,4,,,SL,151,UG,D,,O,,,04-May-09
SV,352,200610,2,,,SL,151,UG,D,,,,,04-May-09
SV,352,200610,4,,,SV,151,UG,D,,O,,,04-May-09
SV,353,200610,2,,,SL,151,UG,D,,,,,04-May-09
SV,353,200610,4,,,SV,151,UG,D,,O,,,04-May-09
SV,354,200610,2,,,SL,151,UG,D,,,,,04-May-09
SV,354,200610,4,,,SV,151,UG,D,,O,,,04-May-09
SV,355,200610,2,,,SV,151,UG,D,,,,,04-May-09
SV,355,200610,4,,,SL,151,UG,D,,O,,,04-May-09
SV,356,200610,2,,,SL,151,UG,D,,,,,04-May-09
SV,356,200610,4,,,SV,151,UG,D,,O,,,04-May-09
SV,357,200610,2,,,SL,151,UG,D,,,,,04-May-09
SV,357,200610,4,,,SV,151,UG,D,,O,,,04-May-09
SV,450,200610,2,,,SL,151,UG,D,,,,,04-May-09
SV,450,200610,4,,,SV,151,UG,D,,O,,,04-May-09
VA,352,200010,1,,,SL,151,UG,D,,,,,12-Feb-99
VA,353,200010,1,,,SL,151,UG,D,,,,,12-Feb-99
VA,354,200010,1,,,SL,151,UG,D,,,,,05-Aug-99
VA,354,200910,1,,,SL,151,UG,D,,,,,18-Jan-08
VA,356,000000,1,,,SL,151,UG,D,,,,,12-Feb-99
VA,356,200910,1,,,SL,151,UG,D,,,,,18-Jan-08
VA,452,200120,2,,,SL,151,UG,D,,,,,13-Jan-05
VA,453,200010,1,,,SL,151,UG,D,,,,,12-Feb-99
VA,454,200010,1,,,SL,151,UG,D,,,,,05-Aug-99
VA,457,200010,1,,,SL,151,UG,D,,,,,12-Feb-99
CHE,411,201210,4,,,CHE,314,UG,D,,,,,15-Sep-11
CHE,411,201210,6,,,MA,223,UG,D,,A,,,15-Sep-11
CHE,411,201210,8,,,RH,330,UG,D,,A,,,15-Sep-11
CHE,411,201210,10,,,CHEM,115,UG,D,,A,,,15-Sep-11
CHE,411,201210,12,,,CHEM,225,UG,D,,A,,,15-Sep-11
CHE,411,201210,14,,,CHEM,252,UG,D,,A,,,15-Sep-11
CHE,411,201310,4,,,CHE,314,UG,D,,,(,,26-Jun-12
CHE,411,201310,5,,,CHE,320,UG,D,,O,,),26-Jun-12
CHE,411,201310,6,,,MA,223,UG,D,,A,,,26-Jun-12
CHE,411,201310,8,,,RH,330,UG,D,,A,,,26-Jun-12
CHE,411,201310,10,,,CHEM,115,UG,D,,A,,,26-Jun-12
CHE,411,201310,12,,,CHEM,225,UG,D,,A,,,26-Jun-12
CHE,411,201310,14,,,CHEM,252,UG,D,,A,,,26-Jun-12
CHE,412,000000,2,,,CHE,325,UG,D,,,,,30-Dec-04
CHE,412,000000,4,,,CHE,410,UG,D,,A,,,30-Dec-04
CHE,412,000000,6,,,CHE,411,UG,D,,A,,,30-Dec-04
CHE,412,200520,2,,,CHE,325,UG,D,,,,,10-Dec-04
CHE,412,200520,4,,,CHE,410,UG,D,,O,,,10-Dec-04
CHE,412,200520,6,,,CHE,411,UG,D,,O,,,10-Dec-04
CHE,412,200910,2,,,CHE,325,UG,D,,,,,25-Jun-08
CHE,412,200910,6,,,CHE,411,UG,D,,A,,,25-Jun-08
CHE,412,201010,2,,,CHE,325,UG,D,,,,,25-Feb-09
CHE,412,201010,6,,,CHE,411,UG,D,,A,,,25-Feb-09
CHE,412,201310,2,,,CHE,325,UG,D,,,(,,26-Jun-12
CHE,412,201310,4,,,CHE,321,UG,D,,O,,),26-Jun-12
CHE,412,201310,6,,,CHE,411,UG,D,,A,,,26-Jun-12
CHE,413,000000,2,,,CHE,412,UG,D,,,,,10-Dec-04
CHE,413,200910,2,,,CHE,412,UG,D,,,,,25-Jun-08
CHE,414,200010,1,,,CHE,301,UG,D,,,,,12-Feb-99
CHE,415,200010,1,,,CHEM,113,UG,D,,,,,12-Feb-99
CHE,416,200410,2,,,CHE,325,UG,D,Y,,,,02-May-05
CHE,416,200410,4,,,CHE,404,UG,D,Y,A,,,02-May-05
CHE,416,201010,2,,,CHE,325,UG,D,Y,,,,01-May-09
CHE,416,201010,4,,,CHE,404,UG,D,Y,A,,,01-May-09
CHE,416,201010,6,,,CHEM,252,UG,D,,A,,,01-May-09
CHE,416,201010,,,,CHEM,252,UG,D,,A,,,01-May-09
CHE,416,201210,2,,,CHE,325,UG,D,Y,,,,15-Sep-11
CHE,416,201210,,,,CHEM,252,UG,D,,A,,,15-Sep-11
CHE,416,201310,2,,,CHE,325,UG,D,Y,,,,26-Jun-12
CHE,416,201310,4,,,CHE,321,UG,D,,O,,,26-Jun-12
CHE,416,201310,,,,CHEM,252,UG,D,,A,,,26-Jun-12
CHE,417,000000,2,,,CHE,416,UG,D,,,,,10-Dec-04
CHE,417,000000,4,,,CHE,404,UG,D,,A,,,10-Dec-04
CHE,418,200410,2,,,CHE,417,UG,D,,,,,10-Dec-04
CHE,418,201210,2,,,CHE,417,UG,D,,,,,15-Sep-11
CHE,419,000000,2,,,PH,410,UG,D,,,,,17-Jun-05
CHE,419,000000,4,,,CHE,405,UG,D,,O,,,10-Nov-05
CHE,440,200010,1,,,CHE,202,UG,D,,,,,12-Feb-99
CHE,440,200010,3,,,MA,222,UG,D,,A,,,10-Dec-04
CHE,440,201010,1,,,CHE,202,UG,D,,,(,,02-Feb-10
CHE,440,201010,3,,,MA,222,UG,D,,A,,),02-Feb-10
CHE,440,201010,5,,,CHE,202,UG,D,,O,(,,02-Feb-10
CHE,440,201010,7,,,MA,211,UG,D,,A,,,02-Feb-10
CHE,440,201010,9,,,MA,212,UG,D,,A,,),02-Feb-10
CHE,441,200010,2,,,CHE,404,UG,D,Y,,,,03-May-05
CHE,441,201110,2,,,CHE,404,UG,D,Y,,,,26-Feb-10
CHE,441,201110,4,,,CHEM,251,UG,D,,A,,,26-Feb-10
CHE,441,201110,,,,CHEM,251,UG,D,,A,,,26-Feb-10
CHE,461,200010,1,,,EM,301,UG,D,,,,,12-Feb-99
CHE,461,200010,2,,,CHE,301,UG,D,,O,,,12-Feb-99
CHE,465,201110,2,,,CHE,303,UG,D,,,,,05-May-10
CHE,465,201110,4,,,CHEM,361,UG,D,,O,,,05-May-10
CHE,465,201110,6,,,ME,201,UG,D,,O,,,05-May-10
CHE,465,201110,8,,,ME,301,UG,D,,O,,,05-May-10
CHE,470,201410,2,,,CHE,303,UG,D,,,,,24-Jun-13
CHE,502,200010,2,,,CHE,325,UG,D,,,,,30-Dec-04
CHE,502,201310,2,,,CHE,325,UG,D,,,,,26-Jun-12
CHE,502,201310,4,,,CHE,321,UG,D,,O,,,26-Jun-12
CHE,504,200010,1,,,CHE,404,UG,D,,,,,12-Feb-99
CHE,512,200010,1,,,CHE,325,UG,D,,,,,30-Dec-04
CHE,512,201310,1,,,CHE,325,UG,D,,,,,26-Jun-12
CHE,512,201310,3,,,CHE,321,UG,D,,O,,,26-Jun-12
CHE,513,200010,1,,,CHE,304,UG,D,,,,,12-Feb-99
CHE,519,000000,2,,,CHE,505,UG,D,,,,,30-Dec-04
CHE,519,000000,4,,,CHE,505,GR,D,,O,,,30-Dec-04
CHE,540,200010,1,,,CHE,440,UG,D,,,,,12-Feb-99
CHE,545,200010,1,,,CHE,404,UG,D,,,,,12-Feb-99
CHE,545,200010,3,,,AB,421,UG,D,,O,,,17-Jun-05
CHE,545,200810,2,,,AB,110,UG,D,,,,,28-Jan-08
CHE,545,200810,4,,,CHEM,330,UG,D,,A,,,28-Jan-08
CHE,545,200810,6,,,CHE,404,UG,D,,A,(,,28-Jan-08
CHE,545,200810,8,,,ES,201,UG,D,,O,,),28-Jan-08
CHE,546,200010,1,,,CHE,325,UG,D,,,,,30-Dec-04
CHE,546,200810,1,,,AB,110,UG,D,,,,,28-Jan-08
CHE,546,200810,3,,,CHE,325,UG,D,,A,(,,28-Jan-08
CHE,546,200810,5,,,ES,201,UG,D,,O,,),28-Jan-08
CHE,546,201310,1,,,AB,110,UG,D,,,,,26-Jun-12
CHE,546,201310,3,,,CHE,325,UG,D,,A,(,,26-Jun-12
CHE,546,201310,4,,,CHE,321,UG,D,,O,,,26-Jun-12
CHE,546,201310,5,,,ES,201,UG,D,,O,,),26-Jun-12
CHEM,107,200910,2,,,CHEM,105,UG,D,,,,,09-Feb-09
CHEM,107,200910,4,,,CHEM,201,UG,D,,O,,,18-Jan-10
CHEM,112,200010,2,,,CHEM,HONRS,UG,EX,,,,,10-Sep-09
CHEM,112,201210,2,,,CHEM,HONRS,UG,NG,,,,,18-Aug-11
CHEM,113,200010,1,,,CHEM,111,UG,D,,,,,12-Feb-99
CHEM,113,200010,3,,,CHEM,112,UG,D,,O,,,20-Oct-06
CHEM,113,200010,5,,,CHEM,105,UG,D,,O,,,10-Oct-11
CHEM,113,201410,1,,,CHEM,111,UG,D,,,(,,19-Jun-13
CHEM,113,201410,3,,,CHEM,111L,UG,D,,A,,),19-Jun-13
CHEM,113,201410,5,,,CHEM,112,UG,D,,O,,,19-Jun-13
CHEM,113L,201410,2,,,CHEM,111,UG,D,,,(,,19-Jun-13
CHEM,113L,201410,4,,,CHEM,111L,UG,D,,A,,),19-Jun-13
CHEM,113L,201410,6,,,CHEM,112,UG,D,,O,,,19-Jun-13
CHEM,115,200010,1,,,CHEM,113,UG,D,,,,,12-Feb-99
CHEM,115,200010,2,,,CHEM,112,UG,B,,O,,,12-Feb-99
CHEM,115,200530,1,,,CHEM,113,UG,D,,,,,23-Mar-05
CHEM,115,200530,2,,,CHEM,112,UG,B,,O,,,23-Mar-05
CHEM,115,200530,4,,,CHEM,202,UG,D,,O,,,04-Oct-05
CHEM,115,200530,6,,,CHEM,107,UG,D,,O,,,20-Jan-09
CHEM,115,200530,,,,CHEM,202,UG,D,,O,,,23-Mar-05
CHEM,115,201210,1,,,CHEM,113,UG,D,,,,,22-Nov-11
CHEM,115,201210,2,,,CHEM,112,UG,D,,O,,,22-Nov-11
CHEM,115,201210,4,,,CHEM,202,UG,D,,O,,,22-Nov-11
CHEM,115,201210,6,,,CHEM,107,UG,D,,O,,,22-Nov-11
CHEM,115,201210,,,,CHEM,202,UG,D,,O,,,22-Nov-11
CHEM,115,201410,1,,,CHEM,113,UG,D,,,(,,19-Jun-13
CHEM,115,201410,2,,,CHEM,113L,UG,D,,A,,),19-Jun-13
CHEM,115,201410,4,,,CHEM,112,UG,D,,O,,,19-Jun-13
CHEM,115,201410,,,,CHEM,202,UG,D,,O,,,19-Jun-13
CHEM,115L,201410,2,,,CHEM,113,UG,D,,,(,,19-Jun-13
CHEM,115L,201410,4,,,CHEM,113L,UG,D,,A,,),19-Jun-13
CHEM,115L,201410,6,,,CHEM,112,UG,D,,O,,,19-Jun-13
CHEM,153,200010,1,,,CHEM,112,UG,B,,,,,12-Feb-99
CHEM,153,200010,2,,,CHEM,113,UG,D,,O,,,12-Feb-99
CHEM,201,000000,2,,,MA,111,UG,D,,,,,03-Jan-05
CHEM,201,000000,4,,,MA,FTC,UG,D,,O,,,21-Jan-05
CHEM,201,000000,6,,,MA,102,UG,D,,O,,,21-Jan-05
CHEM,202,200410,2,,,CHEM,201,UG,D,,,,,03-Jan-05
CHEM,225,200010,1,,,CHEM,115,UG,D,,,,,05-Nov-99
CHEM,225,200010,3,,,CHEM,115L,UG,D,,A,,),03-Jan-05
CHEM,225,200010,5,,,CHEM,107,UG,D,,O,,,10-May-11
CHEM,225,201410,1,,,CHEM,115,UG,D,,,(,,19-Jun-13
CHEM,225,201410,3,,,CHEM,115L,UG,D,,A,,),19-Jun-13
CHEM,225L,201410,2,,,CHEM,115,UG,D,,,,,19-Jun-13
CHEM,225L,201410,4,,,CHEM,115L,UG,D,,A,,,19-Jun-13
CHEM,230,000000,2,,,CHEM,115,UG,D,,,,,03-Jan-05
